"","animal_id","days_detected","total_days","residency_index","location","mean_latitude","mean_longitude","species"
"1","SABMPA-1261739-2022-12-05",1,8,0.125,"2021_007",45.9883,-59.25373,"Atlantic cod"
"2","SABMPA-1261739-2022-12-05",1,8,0.125,"2021_008",45.988065,-59.240125,"Atlantic cod"
"3","SABMPA-1261739-2022-12-05",1,8,0.125,"2021_009",45.988435,-59.22496,"Atlantic cod"
"4","SABMPA-1261739-2022-12-05",1,8,0.125,"2021_011",45.988005,-59.19898,"Atlantic cod"
"5","SABMPA-1261739-2022-12-05",2,8,0.25,"2021_017",45.988165,-59.1183,"Atlantic cod"
"6","SABMPA-1261739-2022-12-05",1,8,0.125,"2021_018",45.988405,-59.10551,"Atlantic cod"
"7","SABMPA-1261739-2022-12-05",1,8,0.125,"2021_019",45.988395,-59.091945,"Atlantic cod"
"8","SABMPA-1261739-2022-12-05",1,8,0.125,"2021_024",45.99334,-59.02769,"Atlantic cod"
"9","SABMPA-1261739-2022-12-05",1,8,0.125,"2021_025",45.9982,-59.01734,"Atlantic cod"
"10","SABMPA-1261739-2022-12-05",1,8,0.125,"2021_026",46.00319,-59.00584,"Atlantic cod"
"11","SABMPA-1261739-2022-12-05",1,8,0.125,"CBS009",47.07185,-60.32666,"Atlantic cod"
"12","SABMPA-1261739-2022-12-05",1,8,0.125,"SE4_2023",46.52708,-60.20397,"Atlantic cod"
"13","SABMPA-1261739-2022-12-05",1,8,0.125,"SE5_2023",46.52039,-60.20755,"Atlantic cod"
"14","SABMPA-1261740-2022-12-05",4,16,0.25,"2021_006",45.98797,-59.266395,"Atlantic cod"
"15","SABMPA-1261740-2022-12-05",2,16,0.125,"2021_007",45.9883,-59.25373,"Atlantic cod"
"16","SABMPA-1261740-2022-12-05",2,16,0.125,"2021_008",45.988065,-59.240125,"Atlantic cod"
"17","SABMPA-1261740-2022-12-05",1,16,0.0625,"2021_009",45.988435,-59.22496,"Atlantic cod"
"18","SABMPA-1261740-2022-12-05",2,16,0.125,"2021_011",45.988005,-59.19898,"Atlantic cod"
"19","SABMPA-1261740-2022-12-05",1,16,0.0625,"2021_012",45.988085,-59.18562,"Atlantic cod"
"20","SABMPA-1261740-2022-12-05",2,16,0.125,"2021_013",45.98785,-59.170945,"Atlantic cod"
"21","SABMPA-1261740-2022-12-05",1,16,0.0625,"2021_014",45.98832,-59.15846,"Atlantic cod"
"22","SABMPA-1261740-2022-12-05",1,16,0.0625,"2021_016",45.988155,-59.13163,"Atlantic cod"
"23","SABMPA-1261740-2022-12-05",2,16,0.125,"2021_017",45.988165,-59.1183,"Atlantic cod"
"24","SABMPA-1261740-2022-12-05",1,16,0.0625,"2021_018",45.988405,-59.10551,"Atlantic cod"
"25","SABMPA-1261740-2022-12-05",1,16,0.0625,"2021_019",45.988395,-59.091945,"Atlantic cod"
"26","SABMPA-1261740-2022-12-05",1,16,0.0625,"2021_020",45.988425,-59.0789,"Atlantic cod"
"27","SABMPA-1261740-2022-12-05",1,16,0.0625,"2021_021",45.98822,-59.06439,"Atlantic cod"
"28","SABMPA-1261741-2022-12-05",3,7,0.428571428571429,"2021_005",45.987845,-59.280265,"Atlantic cod"
"29","SABMPA-1261741-2022-12-05",5,7,0.714285714285714,"2021_006",45.98797,-59.266395,"Atlantic cod"
"30","SABMPA-1261741-2022-12-05",1,7,0.142857142857143,"2021_008",45.988065,-59.240125,"Atlantic cod"
"31","SABMPA-1261741-2022-12-05",1,7,0.142857142857143,"2021_009",45.988435,-59.22496,"Atlantic cod"
"32","SABMPA-1261741-2022-12-05",1,7,0.142857142857143,"2021_010",45.988155,-59.212655,"Atlantic cod"
"33","SABMPA-1261741-2022-12-05",1,7,0.142857142857143,"2021_016",45.988155,-59.13163,"Atlantic cod"
"34","SABMPA-1261741-2022-12-05",1,7,0.142857142857143,"2021_017",45.988165,-59.1183,"Atlantic cod"
"35","SABMPA-1261742-2022-12-05",2,5,0.4,"2021_003",45.987995,-59.307525,"Atlantic cod"
"36","SABMPA-1261742-2022-12-05",1,5,0.2,"2021_004",45.987755,-59.294005,"Atlantic cod"
"37","SABMPA-1261742-2022-12-05",2,5,0.4,"2021_005",45.987845,-59.280265,"Atlantic cod"
"38","SABMPA-1261742-2022-12-05",1,5,0.2,"2021_006",45.98797,-59.266395,"Atlantic cod"
"39","SABMPA-1261742-2022-12-05",1,5,0.2,"2021_007",45.9883,-59.25373,"Atlantic cod"
"40","SABMPA-1261742-2022-12-05",1,5,0.2,"2021_008",45.988065,-59.240125,"Atlantic cod"
"41","SABMPA-1261745-2022-12-05",1,2,0.5,"2021_008",45.988065,-59.240125,"Atlantic cod"
"42","SABMPA-1261745-2022-12-05",1,2,0.5,"2021_016",45.988155,-59.13163,"Atlantic cod"
"43","SABMPA-1261746-2022-12-05",1,5,0.2,"2021_005",45.987845,-59.280265,"Atlantic cod"
"44","SABMPA-1261746-2022-12-05",1,5,0.2,"2021_006",45.98797,-59.266395,"Atlantic cod"
"45","SABMPA-1261746-2022-12-05",1,5,0.2,"2021_041",46.077135,-58.840255,"Atlantic cod"
"46","SABMPA-1261746-2022-12-05",1,5,0.2,"CBS004",47.04741,-60.36336,"Atlantic cod"
"47","SABMPA-1261746-2022-12-05",1,5,0.2,"CBS006",47.05733,-60.3491666666667,"Atlantic cod"
"48","SABMPA-1261746-2022-12-05",1,5,0.2,"CBS007",47.0620733333333,-60.34187,"Atlantic cod"
"49","SABMPA-1261746-2022-12-05",1,5,0.2,"CBS008",47.0670933333333,-60.33427,"Atlantic cod"
"50","SABMPA-1261746-2022-12-05",2,5,0.4,"CBS009",47.07185,-60.32666,"Atlantic cod"
"51","SABMPA-1261748-2022-12-05",1,19,0.0526315789473684,"2021_010",45.988155,-59.212655,"Atlantic cod"
"52","SABMPA-1261748-2022-12-05",2,19,0.105263157894737,"2021_016",45.988155,-59.13163,"Atlantic cod"
"53","SABMPA-1261748-2022-12-05",1,19,0.0526315789473684,"2021_017",45.988165,-59.1183,"Atlantic cod"
"54","SABMPA-1261748-2022-12-05",1,19,0.0526315789473684,"2021_039",46.067705,-58.86203,"Atlantic cod"
"55","SABMPA-1261748-2022-12-05",1,19,0.0526315789473684,"2021_040",46.072565,-58.85077,"Atlantic cod"
"56","SABMPA-1261748-2022-12-05",2,19,0.105263157894737,"2021_044",46.091655,-58.80692,"Atlantic cod"
"57","SABMPA-1261748-2022-12-05",1,19,0.0526315789473684,"2021_045",46.09668,-58.796565,"Atlantic cod"
"58","SABMPA-1261748-2022-12-05",5,19,0.263157894736842,"2021_046",46.10162,-58.7854333333333,"Atlantic cod"
"59","SABMPA-1261748-2022-12-05",1,19,0.0526315789473684,"NE1_2023",46.60505,-60.1632,"Atlantic cod"
"60","SABMPA-1261748-2022-12-05",1,19,0.0526315789473684,"NE2_2023",46.59848,-60.16681,"Atlantic cod"
"61","SABMPA-1261748-2022-12-05",2,19,0.105263157894737,"NE3_2023",46.5919,-60.17117,"Atlantic cod"
"62","SABMPA-1261748-2022-12-05",2,19,0.105263157894737,"NE4_2023",46.58523,-60.17451,"Atlantic cod"
"63","SABMPA-1261748-2022-12-05",1,19,0.0526315789473684,"NE5_2023",46.57858,-60.17877,"Atlantic cod"
"64","SABMPA-1261748-2022-12-05",3,19,0.157894736842105,"NE6_2023",46.57185,-60.1826,"Atlantic cod"
"65","SABMPA-1261748-2022-12-05",1,19,0.0526315789473684,"NE7_2023",46.56523,-60.18697,"Atlantic cod"
"66","SABMPA-1261748-2022-12-05",3,19,0.157894736842105,"NW1_2023",46.60766,-60.17851,"Atlantic cod"
"67","SABMPA-1261748-2022-12-05",2,19,0.105263157894737,"NW2_2023",46.60051,-60.18245,"Atlantic cod"
"68","SABMPA-1261748-2022-12-05",2,19,0.105263157894737,"NW5_2023",46.57991,-60.19462,"Atlantic cod"
"69","SABMPA-1261748-2022-12-05",1,19,0.0526315789473684,"NW6_2023",46.57295,-60.19791,"Atlantic cod"
"70","SABMPA-1261748-2022-12-05",1,19,0.0526315789473684,"NW7_2023",46.56602,-60.20117,"Atlantic cod"
"71","SABMPA-1261748-2022-12-05",1,19,0.0526315789473684,"SE2_2023",46.54097,-60.19756,"Atlantic cod"
"72","SABMPA-1261748-2022-12-05",2,19,0.105263157894737,"SE3_2023",46.53424,-60.20047,"Atlantic cod"
"73","SABMPA-1261752-2022-12-05",1,2,0.5,"2021_001",45.98803,-59.3335,"Atlantic cod"
"74","SABMPA-1261752-2022-12-05",1,2,0.5,"2021_014",45.98832,-59.15846,"Atlantic cod"
"75","SABMPA-1261752-2022-12-05",1,2,0.5,"2021_029",46.01813,-58.97297,"Atlantic cod"
"76","SABMPA-1261752-2022-12-05",1,2,0.5,"2021_030",46.022955,-58.961485,"Atlantic cod"
"77","SABMPA-1261752-2022-12-05",1,2,0.5,"SCATARIE-5",46.005955,-59.68526,"Atlantic cod"
"78","SABMPA-1261753-2022-12-05",1,5,0.2,"2021_004",45.987755,-59.294005,"Atlantic cod"
"79","SABMPA-1261753-2022-12-05",1,5,0.2,"2021_005",45.987845,-59.280265,"Atlantic cod"
"80","SABMPA-1261753-2022-12-05",2,5,0.4,"2021_007",45.9883,-59.25373,"Atlantic cod"
"81","SABMPA-1261753-2022-12-05",1,5,0.2,"2021_008",45.988065,-59.240125,"Atlantic cod"
"82","SABMPA-1261753-2022-12-05",1,5,0.2,"2021_020",45.988425,-59.0789,"Atlantic cod"
"83","SABMPA-1261754-2022-12-05",2,14,0.142857142857143,"2021_006",45.98797,-59.266395,"Atlantic cod"
"84","SABMPA-1261754-2022-12-05",3,14,0.214285714285714,"2021_007",45.9883,-59.25373,"Atlantic cod"
"85","SABMPA-1261754-2022-12-05",1,14,0.0714285714285714,"2021_008",45.988065,-59.240125,"Atlantic cod"
"86","SABMPA-1261754-2022-12-05",1,14,0.0714285714285714,"2021_010",45.988155,-59.212655,"Atlantic cod"
"87","SABMPA-1261754-2022-12-05",2,14,0.142857142857143,"2021_011",45.988005,-59.19898,"Atlantic cod"
"88","SABMPA-1261754-2022-12-05",2,14,0.142857142857143,"2021_012",45.988085,-59.18562,"Atlantic cod"
"89","SABMPA-1261754-2022-12-05",1,14,0.0714285714285714,"2021_013",45.98785,-59.170945,"Atlantic cod"
"90","SABMPA-1261754-2022-12-05",1,14,0.0714285714285714,"2021_014",45.98832,-59.15846,"Atlantic cod"
"91","SABMPA-1261754-2022-12-05",1,14,0.0714285714285714,"2021_017",45.988165,-59.1183,"Atlantic cod"
"92","SABMPA-1261754-2022-12-05",1,14,0.0714285714285714,"2021_044",46.091655,-58.80692,"Atlantic cod"
"93","SABMPA-1261754-2022-12-05",1,14,0.0714285714285714,"2021_045",46.09668,-58.796565,"Atlantic cod"
"94","SABMPA-1261754-2022-12-05",1,14,0.0714285714285714,"CBS010",47.07708,-60.319725,"Atlantic cod"
"95","SABMPA-1261754-2022-12-05",1,14,0.0714285714285714,"CBS011",47.08169,-60.31219,"Atlantic cod"
"96","SABMPA-1261754-2022-12-05",1,14,0.0714285714285714,"CBS017",47.111485,-60.26813,"Atlantic cod"
"97","SABMPA-1261754-2022-12-05",1,14,0.0714285714285714,"CBS018",47.11626,-60.26063,"Atlantic cod"
"98","SABMPA-1261754-2022-12-05",2,14,0.142857142857143,"CBS019",47.12068,-60.253105,"Atlantic cod"
"99","SABMPA-1261754-2022-12-05",2,14,0.142857142857143,"CBS020",47.125925,-60.24565,"Atlantic cod"
"100","SABMPA-1261754-2022-12-05",1,14,0.0714285714285714,"CBS025",47.150965,-60.209455,"Atlantic cod"
"101","SABMPA-1261754-2022-12-05",2,14,0.142857142857143,"CBS026",47.155845,-60.20205,"Atlantic cod"
"102","SABMPA-1261754-2022-12-05",1,14,0.0714285714285714,"GDL-SV3-1121-20230620T1500-4430784",46.40883,-59.41816,"Atlantic cod"
"103","SABMPA-1261754-2022-12-05",1,14,0.0714285714285714,"GDL-SV3-1121-20230620T1500-4430786",46.40949,-59.41816,"Atlantic cod"
"104","SABMPA-1261754-2022-12-05",1,14,0.0714285714285714,"GDL-SV3-1121-20230620T1500-4430788",46.41037,-59.41818,"Atlantic cod"
"105","SABMPA-1261754-2022-12-05",1,14,0.0714285714285714,"GDL-SV3-1121-20230620T1500-4430790",46.41104,-59.41825,"Atlantic cod"
"106","SABMPA-1261754-2022-12-05",1,14,0.0714285714285714,"GDL-SV3-1121-20230620T1500-8657006",46.40089,-59.42335,"Atlantic cod"
"107","SABMPA-1261754-2022-12-05",1,14,0.0714285714285714,"GDL-SV3-1121-20230620T1500-8657007",46.40179,-59.42234,"Atlantic cod"
"108","SABMPA-1261754-2022-12-05",1,14,0.0714285714285714,"GDL-SV3-1121-20230620T1500-8657008",46.40179,-59.42234,"Atlantic cod"
"109","SABMPA-1261754-2022-12-05",1,14,0.0714285714285714,"GDL-SV3-1121-20230620T1500-8657009",46.402,-59.4221,"Atlantic cod"
"110","SABMPA-1261754-2022-12-05",1,14,0.0714285714285714,"GDL-SV3-1121-20230620T1500-8657010",46.402,-59.4221,"Atlantic cod"
"111","SABMPA-1261754-2022-12-05",1,14,0.0714285714285714,"GDL-SV3-1121-20230620T1500-8657011",46.402,-59.4221,"Atlantic cod"
"112","SABMPA-1261754-2022-12-05",1,14,0.0714285714285714,"GDL-SV3-1121-20230620T1500-8657012",46.40269,-59.42133,"Atlantic cod"
"113","SABMPA-1261754-2022-12-05",1,14,0.0714285714285714,"GDL-SV3-1121-20230620T1500-8657013",46.40269,-59.42133,"Atlantic cod"
"114","SABMPA-1261754-2022-12-05",1,14,0.0714285714285714,"GDL-SV3-1121-20230620T1500-8657014",46.40269,-59.42133,"Atlantic cod"
"115","SABMPA-1261754-2022-12-05",1,14,0.0714285714285714,"GDL-SV3-1121-20230620T1500-8657016",46.40274,-59.41812,"Atlantic cod"
"116","SABMPA-1261754-2022-12-05",1,14,0.0714285714285714,"GDL-SV3-1121-20230620T1500-8657017",46.40274,-59.41812,"Atlantic cod"
"117","SABMPA-1261754-2022-12-05",1,14,0.0714285714285714,"GDL-SV3-1121-20230620T1500-8657018",46.40274,-59.41812,"Atlantic cod"
"118","SABMPA-1261754-2022-12-05",1,14,0.0714285714285714,"GDL-SV3-1121-20230620T1500-8657019",46.40318,-59.4181,"Atlantic cod"
"119","SABMPA-1261754-2022-12-05",1,14,0.0714285714285714,"GDL-SV3-1121-20230620T1500-8657020",46.40318,-59.4181,"Atlantic cod"
"120","SABMPA-1261754-2022-12-05",1,14,0.0714285714285714,"GDL-SV3-1121-20230620T1500-8657021",46.40318,-59.4181,"Atlantic cod"
"121","SABMPA-1261754-2022-12-05",1,14,0.0714285714285714,"GDL-SV3-1121-20230620T1500-8657022",46.40318,-59.4181,"Atlantic cod"
"122","SABMPA-1261754-2022-12-05",1,14,0.0714285714285714,"GDL-SV3-1121-20230620T1500-8657024",46.404,-59.41985,"Atlantic cod"
"123","SABMPA-1261754-2022-12-05",1,14,0.0714285714285714,"GDL-SV3-1121-20230620T1500-8657025",46.404,-59.41985,"Atlantic cod"
"124","SABMPA-1261754-2022-12-05",1,14,0.0714285714285714,"GDL-SV3-1121-20230620T1500-8657026",46.404,-59.41985,"Atlantic cod"
"125","SABMPA-1261754-2022-12-05",1,14,0.0714285714285714,"GDL-SV3-1121-20230620T1500-8657027",46.40415,-59.41968,"Atlantic cod"
"126","SABMPA-1261754-2022-12-05",1,14,0.0714285714285714,"GDL-SV3-1121-20230620T1500-8657028",46.40415,-59.41968,"Atlantic cod"
"127","SABMPA-1261754-2022-12-05",1,14,0.0714285714285714,"GDL-SV3-1121-20230620T1500-8657029",46.40443,-59.41937,"Atlantic cod"
"128","SABMPA-1261754-2022-12-05",1,14,0.0714285714285714,"GDL-SV3-1121-20230620T1500-8657030",46.40458,-59.41817,"Atlantic cod"
"129","SABMPA-1261754-2022-12-05",1,14,0.0714285714285714,"GDL-SV3-1121-20230620T1500-8657031",46.405,-59.41873,"Atlantic cod"
"130","SABMPA-1261754-2022-12-05",1,14,0.0714285714285714,"GDL-SV3-1121-20230620T1500-8657032",46.405,-59.41873,"Atlantic cod"
"131","SABMPA-1261754-2022-12-05",1,14,0.0714285714285714,"GDL-SV3-1121-20230620T1500-8657033",46.405,-59.41873,"Atlantic cod"
"132","SABMPA-1261754-2022-12-05",1,14,0.0714285714285714,"GDL-SV3-1121-20230620T1500-8657034",46.40516,-59.41855,"Atlantic cod"
"133","SABMPA-1261754-2022-12-05",1,14,0.0714285714285714,"GDL-SV3-1121-20230620T1500-8657035",46.40528,-59.41826,"Atlantic cod"
"134","SABMPA-1261754-2022-12-05",1,14,0.0714285714285714,"GDL-SV3-1121-20230620T1500-8657036",46.40548,-59.41828,"Atlantic cod"
"135","SABMPA-1261754-2022-12-05",1,14,0.0714285714285714,"GDL-SV3-1121-20230620T1500-8657037",46.40632,-59.41832,"Atlantic cod"
"136","SABMPA-1261754-2022-12-05",1,14,0.0714285714285714,"GDL-SV3-1121-20230620T1500-8657038",46.40692,-59.41835,"Atlantic cod"
"137","SABMPA-1261754-2022-12-05",1,14,0.0714285714285714,"GDL-SV3-1121-20230620T1500-8657039",46.40693,-59.41835,"Atlantic cod"
"138","SABMPA-1261754-2022-12-05",1,14,0.0714285714285714,"GDL-SV3-1121-20230620T1500-8657040",46.40693,-59.41835,"Atlantic cod"
"139","SABMPA-1261754-2022-12-05",1,14,0.0714285714285714,"GDL-SV3-1121-20230620T1500-8657041",46.40693,-59.41835,"Atlantic cod"
"140","SABMPA-1261754-2022-12-05",1,14,0.0714285714285714,"GDL-SV3-1121-20230620T1500-8657042",46.40693,-59.41835,"Atlantic cod"
"141","SABMPA-1261754-2022-12-05",1,14,0.0714285714285714,"GDL-SV3-1121-20230620T1500-8657043",46.40781,-59.41826,"Atlantic cod"
"142","SABMPA-1261754-2022-12-05",1,14,0.0714285714285714,"GDL-SV3-1121-20230620T1500-8657044",46.40781,-59.41826,"Atlantic cod"
"143","SABMPA-1261754-2022-12-05",1,14,0.0714285714285714,"GDL-SV3-1121-20230620T1500-8657045",46.40781,-59.41826,"Atlantic cod"
"144","SABMPA-1261754-2022-12-05",1,14,0.0714285714285714,"GDL-SV3-1121-20230620T1500-8657046",46.40854,-59.41817,"Atlantic cod"
"145","SABMPA-1261754-2022-12-05",1,14,0.0714285714285714,"GDL-SV3-1121-20230620T1500-8657047",46.40854,-59.41817,"Atlantic cod"
"146","SABMPA-1261754-2022-12-05",1,14,0.0714285714285714,"GDL-SV3-1121-20230620T1500-8657048",46.40854,-59.41817,"Atlantic cod"
"147","SABMPA-1261754-2022-12-05",1,14,0.0714285714285714,"GDL-SV3-1121-20230620T1500-8657049",46.40894,-59.41816,"Atlantic cod"
"148","SABMPA-1261754-2022-12-05",1,14,0.0714285714285714,"GDL-SV3-1121-20230620T1500-8657050",46.41038,-59.41818,"Atlantic cod"
"149","SABMPA-1261754-2022-12-05",1,14,0.0714285714285714,"GDL-SV3-1121-20230620T1500-8657051",46.41038,-59.41818,"Atlantic cod"
"150","SABMPA-1261754-2022-12-05",1,14,0.0714285714285714,"GDL-SV3-1121-20230620T1500-8657052",46.41038,-59.41818,"Atlantic cod"
"151","SABMPA-1261754-2022-12-05",1,14,0.0714285714285714,"GDL-SV3-1121-20230620T1500-8657053",46.41105,-59.41825,"Atlantic cod"
"152","SABMPA-1261754-2022-12-05",1,14,0.0714285714285714,"GDL-SV3-1121-20230620T1500-8657054",46.41167,-59.41831,"Atlantic cod"
"153","SABMPA-1261754-2022-12-05",1,14,0.0714285714285714,"GDL-SV3-1121-20230620T1500-8657055",46.41167,-59.41831,"Atlantic cod"
"154","SABMPA-1261754-2022-12-05",1,14,0.0714285714285714,"GDL-SV3-1121-20230620T1500-8657056",46.41167,-59.41831,"Atlantic cod"
"155","SABMPA-1261754-2022-12-05",1,14,0.0714285714285714,"GDL-SV3-1121-20230620T1500-8657057",46.41203,-59.41832,"Atlantic cod"
"156","SABMPA-1261754-2022-12-05",1,14,0.0714285714285714,"GDL-SV3-1121-20230620T1500-8657058",46.41203,-59.41832,"Atlantic cod"
"157","SABMPA-1261755-2022-12-05",3,12,0.25,"2021_016",45.988155,-59.13163,"Atlantic cod"
"158","SABMPA-1261755-2022-12-05",1,12,0.0833333333333333,"2021_020",45.988425,-59.0789,"Atlantic cod"
"159","SABMPA-1261755-2022-12-05",1,12,0.0833333333333333,"2021_021",45.98822,-59.06439,"Atlantic cod"
"160","SABMPA-1261755-2022-12-05",2,12,0.166666666666667,"2021_022",45.98806,-59.05135,"Atlantic cod"
"161","SABMPA-1261755-2022-12-05",1,12,0.0833333333333333,"2021_023",45.98817,-59.038645,"Atlantic cod"
"162","SABMPA-1261755-2022-12-05",1,12,0.0833333333333333,"2021_024",45.99334,-59.02769,"Atlantic cod"
"163","SABMPA-1261755-2022-12-05",1,12,0.0833333333333333,"2021_025",45.9982,-59.01734,"Atlantic cod"
"164","SABMPA-1261755-2022-12-05",1,12,0.0833333333333333,"2021_026",46.00319,-59.00584,"Atlantic cod"
"165","SABMPA-1261755-2022-12-05",1,12,0.0833333333333333,"2021_033",46.03757,-58.92871,"Atlantic cod"
"166","SABMPA-1261755-2022-12-05",1,12,0.0833333333333333,"2021_035",46.04787,-58.90609,"Atlantic cod"
"167","SABMPA-1261755-2022-12-05",1,12,0.0833333333333333,"2021_036",46.05302,-58.89495,"Atlantic cod"
"168","SABMPA-1261755-2022-12-05",1,12,0.0833333333333333,"2021_040",46.072565,-58.85077,"Atlantic cod"
"169","SABMPA-1261755-2022-12-05",1,12,0.0833333333333333,"2021_041",46.077135,-58.840255,"Atlantic cod"
"170","SABMPA-1261755-2022-12-05",2,12,0.166666666666667,"2021_043",46.08707,-58.81793,"Atlantic cod"
"171","SABMPA-1261755-2022-12-05",1,12,0.0833333333333333,"2021_044",46.091655,-58.80692,"Atlantic cod"
"172","SABMPA-1261755-2022-12-05",1,12,0.0833333333333333,"2021_045",46.09668,-58.796565,"Atlantic cod"
"173","SABMPA-1261755-2022-12-05",3,12,0.25,"2021_046",46.10162,-58.7854333333333,"Atlantic cod"
"174","SABMPA-1261756-2022-12-05",1,12,0.0833333333333333,"2021_001",45.98803,-59.3335,"Atlantic cod"
"175","SABMPA-1261756-2022-12-05",1,12,0.0833333333333333,"2021_003",45.987995,-59.307525,"Atlantic cod"
"176","SABMPA-1261756-2022-12-05",1,12,0.0833333333333333,"2021_006",45.98797,-59.266395,"Atlantic cod"
"177","SABMPA-1261756-2022-12-05",4,12,0.333333333333333,"2021_008",45.988065,-59.240125,"Atlantic cod"
"178","SABMPA-1261756-2022-12-05",4,12,0.333333333333333,"2021_009",45.988435,-59.22496,"Atlantic cod"
"179","SABMPA-1261756-2022-12-05",1,12,0.0833333333333333,"2021_010",45.988155,-59.212655,"Atlantic cod"
"180","SABMPA-1261756-2022-12-05",1,12,0.0833333333333333,"2021_011",45.988005,-59.19898,"Atlantic cod"
"181","SABMPA-1261756-2022-12-05",1,12,0.0833333333333333,"SE4_2023",46.52708,-60.20397,"Atlantic cod"
"182","SABMPA-1261756-2022-12-05",1,12,0.0833333333333333,"SE5_2023",46.52039,-60.20755,"Atlantic cod"
"183","SABMPA-1261756-2022-12-05",1,12,0.0833333333333333,"SE6_2023",46.51357,-60.21101,"Atlantic cod"
"184","SABMPA-1261757-2022-12-05",1,1,1,"2021_010",45.988155,-59.212655,"Atlantic cod"
"185","SABMPA-1261759-2022-12-05",1,1,1,"2021_020",45.988425,-59.0789,"Atlantic cod"
"186","SABMPA-1261759-2022-12-05",1,1,1,"2021_021",45.98822,-59.06439,"Atlantic cod"
"187","SABMPA-1261760-2022-12-05",1,11,0.0909090909090909,"2021_001",45.98803,-59.3335,"Atlantic cod"
"188","SABMPA-1261760-2022-12-05",1,11,0.0909090909090909,"2021_006",45.98797,-59.266395,"Atlantic cod"
"189","SABMPA-1261760-2022-12-05",1,11,0.0909090909090909,"2021_007",45.9883,-59.25373,"Atlantic cod"
"190","SABMPA-1261760-2022-12-05",1,11,0.0909090909090909,"2021_008",45.988065,-59.240125,"Atlantic cod"
"191","SABMPA-1261760-2022-12-05",1,11,0.0909090909090909,"2021_009",45.988435,-59.22496,"Atlantic cod"
"192","SABMPA-1261760-2022-12-05",1,11,0.0909090909090909,"2021_010",45.988155,-59.212655,"Atlantic cod"
"193","SABMPA-1261760-2022-12-05",1,11,0.0909090909090909,"2021_011",45.988005,-59.19898,"Atlantic cod"
"194","SABMPA-1261760-2022-12-05",2,11,0.181818181818182,"2021_012",45.988085,-59.18562,"Atlantic cod"
"195","SABMPA-1261760-2022-12-05",1,11,0.0909090909090909,"NE1_2023",46.60505,-60.1632,"Atlantic cod"
"196","SABMPA-1261760-2022-12-05",1,11,0.0909090909090909,"NE6_2023",46.57185,-60.1826,"Atlantic cod"
"197","SABMPA-1261760-2022-12-05",1,11,0.0909090909090909,"NE7_2023",46.56523,-60.18697,"Atlantic cod"
"198","SABMPA-1261760-2022-12-05",1,11,0.0909090909090909,"NW1_2023",46.60766,-60.17851,"Atlantic cod"
"199","SABMPA-1261760-2022-12-05",1,11,0.0909090909090909,"NW6_2023",46.57295,-60.19791,"Atlantic cod"
"200","SABMPA-1261760-2022-12-05",1,11,0.0909090909090909,"SE5_2023",46.52039,-60.20755,"Atlantic cod"
"201","SABMPA-1261760-2022-12-05",2,11,0.181818181818182,"SE6_2023",46.51357,-60.21101,"Atlantic cod"
"202","SABMPA-1261763-2022-12-05",4,6,0.666666666666667,"2021_009",45.988435,-59.22496,"Atlantic cod"
"203","SABMPA-1261763-2022-12-05",2,6,0.333333333333333,"2021_010",45.988155,-59.212655,"Atlantic cod"
"204","SABMPA-1261763-2022-12-05",1,6,0.166666666666667,"2021_012",45.988085,-59.18562,"Atlantic cod"
"205","SABMPA-1261763-2022-12-05",1,6,0.166666666666667,"2021_013",45.98785,-59.170945,"Atlantic cod"
"206","SABMPA-1261763-2022-12-05",1,6,0.166666666666667,"2021_014",45.98832,-59.15846,"Atlantic cod"
"207","SABMPA-1261763-2022-12-05",1,6,0.166666666666667,"CBS171",47.26106,-60.052545,"Atlantic cod"
"208","SABMPA-1261763-2022-12-05",1,6,0.166666666666667,"CBS175",47.277985,-60.01752,"Atlantic cod"
"209","SABMPA-1261764-2022-12-05",2,4,0.5,"2021_013",45.98785,-59.170945,"Atlantic cod"
"210","SABMPA-1261764-2022-12-05",1,4,0.25,"CBS010",47.07708,-60.319725,"Atlantic cod"
"211","SABMPA-1261764-2022-12-05",1,4,0.25,"CBS012",47.08672,-60.30506,"Atlantic cod"
"212","SABMPA-1261764-2022-12-05",1,4,0.25,"CBS013",47.091565,-60.297495,"Atlantic cod"
"213","SABMPA-1261767-2022-12-05",1,7,0.142857142857143,"1",46.7136,-61.18188,"Atlantic cod"
"214","SABMPA-1261767-2022-12-05",1,7,0.142857142857143,"14",46.72682,-61.0822,"Atlantic cod"
"215","SABMPA-1261767-2022-12-05",1,7,0.142857142857143,"2021_009",45.988435,-59.22496,"Atlantic cod"
"216","SABMPA-1261767-2022-12-05",1,7,0.142857142857143,"2021_013",45.98785,-59.170945,"Atlantic cod"
"217","SABMPA-1261767-2022-12-05",1,7,0.142857142857143,"2021_016",45.988155,-59.13163,"Atlantic cod"
"218","SABMPA-1261767-2022-12-05",1,7,0.142857142857143,"2021_020",45.988425,-59.0789,"Atlantic cod"
"219","SABMPA-1261767-2022-12-05",1,7,0.142857142857143,"7",46.70468,-61.12106,"Atlantic cod"
"220","SABMPA-1261767-2022-12-05",1,7,0.142857142857143,"CBS006",47.05733,-60.3491666666667,"Atlantic cod"
"221","SABMPA-1261767-2022-12-05",1,7,0.142857142857143,"CBS007",47.0620733333333,-60.34187,"Atlantic cod"
"222","SABMPA-1261767-2022-12-05",1,7,0.142857142857143,"CBS009",47.07185,-60.32666,"Atlantic cod"
"223","SABMPA-1261769-2022-12-05",3,19,0.157894736842105,"10",46.70693,-61.08326,"Atlantic cod"
"224","SABMPA-1261769-2022-12-05",1,19,0.0526315789473684,"14",46.72682,-61.0822,"Atlantic cod"
"225","SABMPA-1261769-2022-12-05",1,19,0.0526315789473684,"15",46.74049,-61.11159,"Atlantic cod"
"226","SABMPA-1261769-2022-12-05",1,19,0.0526315789473684,"2021_012",45.988085,-59.18562,"Atlantic cod"
"227","SABMPA-1261769-2022-12-05",1,19,0.0526315789473684,"2021_013",45.98785,-59.170945,"Atlantic cod"
"228","SABMPA-1261769-2022-12-05",1,19,0.0526315789473684,"2021_037",46.057845,-58.88393,"Atlantic cod"
"229","SABMPA-1261769-2022-12-05",1,19,0.0526315789473684,"2021_038",46.062915,-58.872715,"Atlantic cod"
"230","SABMPA-1261769-2022-12-05",1,19,0.0526315789473684,"2021_039",46.067705,-58.86203,"Atlantic cod"
"231","SABMPA-1261769-2022-12-05",1,19,0.0526315789473684,"2021_043",46.08707,-58.81793,"Atlantic cod"
"232","SABMPA-1261769-2022-12-05",2,19,0.105263157894737,"2021_044",46.091655,-58.80692,"Atlantic cod"
"233","SABMPA-1261769-2022-12-05",2,19,0.105263157894737,"2021_045",46.09668,-58.796565,"Atlantic cod"
"234","SABMPA-1261769-2022-12-05",2,19,0.105263157894737,"3",46.68558,-61.12214,"Atlantic cod"
"235","SABMPA-1261769-2022-12-05",2,19,0.105263157894737,"7",46.70468,-61.12106,"Atlantic cod"
"236","SABMPA-1261769-2022-12-05",1,19,0.0526315789473684,"CBS005",47.0525233333333,-60.3565033333333,"Atlantic cod"
"237","SABMPA-1261769-2022-12-05",1,19,0.0526315789473684,"CBS006",47.05733,-60.3491666666667,"Atlantic cod"
"238","SABMPA-1261769-2022-12-05",1,19,0.0526315789473684,"CBS007",47.0620733333333,-60.34187,"Atlantic cod"
"239","SABMPA-1261769-2022-12-05",1,19,0.0526315789473684,"CBS009",47.07185,-60.32666,"Atlantic cod"
"240","SABMPA-1261769-2022-12-05",1,19,0.0526315789473684,"CBS011",47.08169,-60.31219,"Atlantic cod"
"241","SABMPA-1261769-2022-12-05",2,19,0.105263157894737,"CBS012",47.08672,-60.30506,"Atlantic cod"
"242","SABMPA-1261769-2022-12-05",1,19,0.0526315789473684,"CBS013",47.091565,-60.297495,"Atlantic cod"
"243","SABMPA-1261769-2022-12-05",1,19,0.0526315789473684,"NE4_2023",46.58523,-60.17451,"Atlantic cod"
"244","SABMPA-1261769-2022-12-05",1,19,0.0526315789473684,"NE5_2023",46.57858,-60.17877,"Atlantic cod"
"245","SABMPA-1261769-2022-12-05",1,19,0.0526315789473684,"NE6_2023",46.57185,-60.1826,"Atlantic cod"
"246","SABMPA-1261769-2022-12-05",1,19,0.0526315789473684,"NW5_2023",46.57991,-60.19462,"Atlantic cod"
"247","SABMPA-1261769-2022-12-05",1,19,0.0526315789473684,"S13_2023",46.5538,-60.19373,"Atlantic cod"
"248","SABMPA-1261769-2022-12-05",1,19,0.0526315789473684,"S1_2023",46.55484,-60.19926,"Atlantic cod"
"249","SABMPA-1261769-2022-12-05",1,19,0.0526315789473684,"S5_2023",46.55449,-60.20271,"Atlantic cod"
"250","SABMPA-1261769-2022-12-05",1,19,0.0526315789473684,"S9_2023",46.55328,-60.19691,"Atlantic cod"
"251","SABMPA-1261769-2022-12-05",1,19,0.0526315789473684,"SE1_2023",46.54806,-60.19518,"Atlantic cod"
"252","SABMPA-1261769-2022-12-05",1,19,0.0526315789473684,"SE3_2023",46.53424,-60.20047,"Atlantic cod"
"253","SABMPA-1261769-2022-12-05",1,19,0.0526315789473684,"SE4_2023",46.52708,-60.20397,"Atlantic cod"
"254","SABMPA-1261769-2022-12-05",3,19,0.157894736842105,"SE5_2023",46.52039,-60.20755,"Atlantic cod"
"255","SABMPA-1261769-2022-12-05",4,19,0.210526315789474,"SE6_2023",46.51357,-60.21101,"Atlantic cod"
"256","SABMPA-1261770-2022-12-05",2,15,0.133333333333333,"2021_006",45.98797,-59.266395,"Atlantic cod"
"257","SABMPA-1261770-2022-12-05",1,15,0.0666666666666667,"2021_009",45.988435,-59.22496,"Atlantic cod"
"258","SABMPA-1261770-2022-12-05",3,15,0.2,"2021_010",45.988155,-59.212655,"Atlantic cod"
"259","SABMPA-1261770-2022-12-05",1,15,0.0666666666666667,"2021_011",45.988005,-59.19898,"Atlantic cod"
"260","SABMPA-1261770-2022-12-05",1,15,0.0666666666666667,"2021_012",45.988085,-59.18562,"Atlantic cod"
"261","SABMPA-1261770-2022-12-05",3,15,0.2,"2021_013",45.98785,-59.170945,"Atlantic cod"
"262","SABMPA-1261770-2022-12-05",2,15,0.133333333333333,"2021_014",45.98832,-59.15846,"Atlantic cod"
"263","SABMPA-1261770-2022-12-05",2,15,0.133333333333333,"2021_016",45.988155,-59.13163,"Atlantic cod"
"264","SABMPA-1261770-2022-12-05",1,15,0.0666666666666667,"2021_018",45.988405,-59.10551,"Atlantic cod"
"265","SABMPA-1261770-2022-12-05",2,15,0.133333333333333,"2021_019",45.988395,-59.091945,"Atlantic cod"
"266","SABMPA-1261770-2022-12-05",1,15,0.0666666666666667,"2021_020",45.988425,-59.0789,"Atlantic cod"
"267","SABMPA-1261770-2022-12-05",1,15,0.0666666666666667,"2021_021",45.98822,-59.06439,"Atlantic cod"
"268","SABMPA-1261770-2022-12-05",1,15,0.0666666666666667,"2021_022",45.98806,-59.05135,"Atlantic cod"
"269","SABMPA-1261770-2022-12-05",1,15,0.0666666666666667,"2021_033",46.03757,-58.92871,"Atlantic cod"
"270","SABMPA-1261770-2022-12-05",1,15,0.0666666666666667,"2021_034",46.04288,-58.917685,"Atlantic cod"
"271","SABMPA-1261770-2022-12-05",1,15,0.0666666666666667,"2021_040",46.072565,-58.85077,"Atlantic cod"
"272","SABMPA-1261770-2022-12-05",1,15,0.0666666666666667,"2021_041",46.077135,-58.840255,"Atlantic cod"
"273","SABMPA-1261772-2022-12-05",1,7,0.142857142857143,"2021_003",45.987995,-59.307525,"Atlantic cod"
"274","SABMPA-1261772-2022-12-05",1,7,0.142857142857143,"2021_004",45.987755,-59.294005,"Atlantic cod"
"275","SABMPA-1261772-2022-12-05",1,7,0.142857142857143,"2021_005",45.987845,-59.280265,"Atlantic cod"
"276","SABMPA-1261772-2022-12-05",2,7,0.285714285714286,"2021_006",45.98797,-59.266395,"Atlantic cod"
"277","SABMPA-1261772-2022-12-05",1,7,0.142857142857143,"2021_008",45.988065,-59.240125,"Atlantic cod"
"278","SABMPA-1261772-2022-12-05",1,7,0.142857142857143,"2021_010",45.988155,-59.212655,"Atlantic cod"
"279","SABMPA-1261772-2022-12-05",3,7,0.428571428571429,"2021_011",45.988005,-59.19898,"Atlantic cod"
"280","SABMPA-1261772-2022-12-05",1,7,0.142857142857143,"2021_012",45.988085,-59.18562,"Atlantic cod"
"281","SABMPA-1261772-2022-12-05",1,7,0.142857142857143,"S10_2023",46.55547,-60.1962,"Atlantic cod"
"282","SABMPA-1261772-2022-12-05",1,7,0.142857142857143,"S11_2023",46.55769,-60.19543,"Atlantic cod"
"283","SABMPA-1261772-2022-12-05",1,7,0.142857142857143,"S13_2023",46.5538,-60.19373,"Atlantic cod"
"284","SABMPA-1261772-2022-12-05",1,7,0.142857142857143,"S14_2023",46.55597,-60.19287,"Atlantic cod"
"285","SABMPA-1261772-2022-12-05",1,7,0.142857142857143,"S1_2023",46.55484,-60.19926,"Atlantic cod"
"286","SABMPA-1261772-2022-12-05",1,7,0.142857142857143,"S2_2023",46.55707,-60.19834,"Atlantic cod"
"287","SABMPA-1261772-2022-12-05",1,7,0.142857142857143,"S5_2023",46.55449,-60.20271,"Atlantic cod"
"288","SABMPA-1261772-2022-12-05",1,7,0.142857142857143,"S6_2023",46.55643,-60.20162,"Atlantic cod"
"289","SABMPA-1261772-2022-12-05",1,7,0.142857142857143,"S9_2023",46.55328,-60.19691,"Atlantic cod"
"290","SABMPA-1261772-2022-12-05",1,7,0.142857142857143,"SE1_2023",46.54806,-60.19518,"Atlantic cod"
"291","SABMPA-1261773-2022-12-05",1,3,0.333333333333333,"2021_008",45.988065,-59.240125,"Atlantic cod"
"292","SABMPA-1261773-2022-12-05",1,3,0.333333333333333,"2021_011",45.988005,-59.19898,"Atlantic cod"
"293","SABMPA-1261773-2022-12-05",2,3,0.666666666666667,"2021_012",45.988085,-59.18562,"Atlantic cod"
"294","SABMPA-1261773-2022-12-05",1,3,0.333333333333333,"2021_013",45.98785,-59.170945,"Atlantic cod"
"295","SABMPA-1261775-2022-12-05",1,6,0.166666666666667,"2021_012",45.988085,-59.18562,"Atlantic cod"
"296","SABMPA-1261775-2022-12-05",1,6,0.166666666666667,"2021_013",45.98785,-59.170945,"Atlantic cod"
"297","SABMPA-1261775-2022-12-05",1,6,0.166666666666667,"2021_016",45.988155,-59.13163,"Atlantic cod"
"298","SABMPA-1261775-2022-12-05",1,6,0.166666666666667,"2021_017",45.988165,-59.1183,"Atlantic cod"
"299","SABMPA-1261775-2022-12-05",2,6,0.333333333333333,"2021_018",45.988405,-59.10551,"Atlantic cod"
"300","SABMPA-1261775-2022-12-05",1,6,0.166666666666667,"2021_032",46.033125,-58.93974,"Atlantic cod"
"301","SABMPA-1261775-2022-12-05",1,6,0.166666666666667,"2021_034",46.04288,-58.917685,"Atlantic cod"
"302","SABMPA-1261776-2022-12-05",2,14,0.142857142857143,"2021_016",45.988155,-59.13163,"Atlantic cod"
"303","SABMPA-1261776-2022-12-05",1,14,0.0714285714285714,"2021_017",45.988165,-59.1183,"Atlantic cod"
"304","SABMPA-1261776-2022-12-05",1,14,0.0714285714285714,"2021_018",45.988405,-59.10551,"Atlantic cod"
"305","SABMPA-1261776-2022-12-05",2,14,0.142857142857143,"2021_033",46.03757,-58.92871,"Atlantic cod"
"306","SABMPA-1261776-2022-12-05",3,14,0.214285714285714,"2021_034",46.04288,-58.917685,"Atlantic cod"
"307","SABMPA-1261776-2022-12-05",5,14,0.357142857142857,"2021_035",46.04787,-58.90609,"Atlantic cod"
"308","SABMPA-1261776-2022-12-05",1,14,0.0714285714285714,"2021_041",46.077135,-58.840255,"Atlantic cod"
"309","SABMPA-1261776-2022-12-05",1,14,0.0714285714285714,"2021_043",46.08707,-58.81793,"Atlantic cod"
"310","SABMPA-1261776-2022-12-05",3,14,0.214285714285714,"2021_044",46.091655,-58.80692,"Atlantic cod"
"311","SABMPA-1261776-2022-12-05",3,14,0.214285714285714,"2021_045",46.09668,-58.796565,"Atlantic cod"
"312","SABMPA-1261776-2022-12-05",1,14,0.0714285714285714,"2021_046",46.10162,-58.7854333333333,"Atlantic cod"
"313","SABMPA-1261777-2022-12-05",1,2,0.5,"2021_021",45.98822,-59.06439,"Atlantic cod"
"314","SABMPA-1261777-2022-12-05",1,2,0.5,"2021_022",45.98806,-59.05135,"Atlantic cod"
"315","SABMPA-1261777-2022-12-05",1,2,0.5,"2021_023",45.98817,-59.038645,"Atlantic cod"
"316","SABMPA-1261777-2022-12-05",1,2,0.5,"2021_045",46.09668,-58.796565,"Atlantic cod"
"317","SABMPA-1261778-2022-12-05",1,2,0.5,"2021_014",45.98832,-59.15846,"Atlantic cod"
"318","SABMPA-1261778-2022-12-05",1,2,0.5,"2021_016",45.988155,-59.13163,"Atlantic cod"
"319","SABMPA-1346211-2022-12-06",1,3,0.333333333333333,"2021_012",45.988085,-59.18562,"Atlantic cod"
"320","SABMPA-1346211-2022-12-06",1,3,0.333333333333333,"2021_013",45.98785,-59.170945,"Atlantic cod"
"321","SABMPA-1346211-2022-12-06",1,3,0.333333333333333,"2021_014",45.98832,-59.15846,"Atlantic cod"
"322","SABMPA-1346211-2022-12-06",1,3,0.333333333333333,"2021_018",45.988405,-59.10551,"Atlantic cod"
"323","SABMPA-1346212-2022-12-06",1,7,0.142857142857143,"2021_009",45.988435,-59.22496,"Atlantic cod"
"324","SABMPA-1346212-2022-12-06",2,7,0.285714285714286,"2021_010",45.988155,-59.212655,"Atlantic cod"
"325","SABMPA-1346212-2022-12-06",2,7,0.285714285714286,"2021_011",45.988005,-59.19898,"Atlantic cod"
"326","SABMPA-1346212-2022-12-06",1,7,0.142857142857143,"2021_026",46.00319,-59.00584,"Atlantic cod"
"327","SABMPA-1346212-2022-12-06",1,7,0.142857142857143,"CBS004",47.04741,-60.36336,"Atlantic cod"
"328","SABMPA-1346212-2022-12-06",2,7,0.285714285714286,"CBS005",47.0525233333333,-60.3565033333333,"Atlantic cod"
"329","SABMPA-1346212-2022-12-06",1,7,0.142857142857143,"CBS006",47.05733,-60.3491666666667,"Atlantic cod"
"330","SABMPA-1346212-2022-12-06",1,7,0.142857142857143,"CBS013",47.091565,-60.297495,"Atlantic cod"
"331","SABMPA-1346212-2022-12-06",1,7,0.142857142857143,"CBS014",47.0963933333333,-60.2902533333333,"Atlantic cod"
"332","SABMPA-1346213-2022-12-06",1,1,1,"2021_011",45.988005,-59.19898,"Atlantic cod"
"333","SABMPA-1346214-2022-12-06",1,12,0.0833333333333333,"2021_008",45.988065,-59.240125,"Atlantic cod"
"334","SABMPA-1346214-2022-12-06",1,12,0.0833333333333333,"2021_009",45.988435,-59.22496,"Atlantic cod"
"335","SABMPA-1346214-2022-12-06",3,12,0.25,"2021_012",45.988085,-59.18562,"Atlantic cod"
"336","SABMPA-1346214-2022-12-06",2,12,0.166666666666667,"2021_013",45.98785,-59.170945,"Atlantic cod"
"337","SABMPA-1346214-2022-12-06",1,12,0.0833333333333333,"2021_014",45.98832,-59.15846,"Atlantic cod"
"338","SABMPA-1346214-2022-12-06",1,12,0.0833333333333333,"2021_018",45.988405,-59.10551,"Atlantic cod"
"339","SABMPA-1346214-2022-12-06",1,12,0.0833333333333333,"2021_030",46.022955,-58.961485,"Atlantic cod"
"340","SABMPA-1346214-2022-12-06",1,12,0.0833333333333333,"2021_032",46.033125,-58.93974,"Atlantic cod"
"341","SABMPA-1346214-2022-12-06",1,12,0.0833333333333333,"2021_035",46.04787,-58.90609,"Atlantic cod"
"342","SABMPA-1346214-2022-12-06",1,12,0.0833333333333333,"2021_037",46.057845,-58.88393,"Atlantic cod"
"343","SABMPA-1346214-2022-12-06",1,12,0.0833333333333333,"2021_038",46.062915,-58.872715,"Atlantic cod"
"344","SABMPA-1346214-2022-12-06",1,12,0.0833333333333333,"2021_043",46.08707,-58.81793,"Atlantic cod"
"345","SABMPA-1346214-2022-12-06",1,12,0.0833333333333333,"2021_044",46.091655,-58.80692,"Atlantic cod"
"346","SABMPA-1346214-2022-12-06",3,12,0.25,"2021_045",46.09668,-58.796565,"Atlantic cod"
"347","SABMPA-1346214-2022-12-06",1,12,0.0833333333333333,"2021_046",46.10162,-58.7854333333333,"Atlantic cod"
"348","SABMPA-1346215-2022-12-06",1,4,0.25,"2021_008",45.988065,-59.240125,"Atlantic cod"
"349","SABMPA-1346215-2022-12-06",1,4,0.25,"2021_011",45.988005,-59.19898,"Atlantic cod"
"350","SABMPA-1346215-2022-12-06",2,4,0.5,"2021_017",45.988165,-59.1183,"Atlantic cod"
"351","SABMPA-1346215-2022-12-06",1,4,0.25,"2021_018",45.988405,-59.10551,"Atlantic cod"
"352","SABMPA-1346215-2022-12-06",1,4,0.25,"2021_019",45.988395,-59.091945,"Atlantic cod"
"353","SABMPA-1346215-2022-12-06",1,4,0.25,"2021_020",45.988425,-59.0789,"Atlantic cod"
"354","SABMPA-1346217-2022-12-05",1,150,0.00666666666666667,"2021_009",45.988435,-59.22496,"Atlantic cod"
"355","SABMPA-1346217-2022-12-05",1,150,0.00666666666666667,"2021_010",45.988155,-59.212655,"Atlantic cod"
"356","SABMPA-1346217-2022-12-05",2,150,0.0133333333333333,"2021_011",45.988005,-59.19898,"Atlantic cod"
"357","SABMPA-1346217-2022-12-05",140,150,0.933333333333333,"2021_012",45.988085,-59.18562,"Atlantic cod"
"358","SABMPA-1346217-2022-12-05",10,150,0.0666666666666667,"2021_013",45.98785,-59.170945,"Atlantic cod"
"359","SABMPA-1346217-2022-12-05",4,150,0.0266666666666667,"2021_014",45.98832,-59.15846,"Atlantic cod"
"360","SABMPA-1346217-2022-12-05",3,150,0.02,"2021_016",45.988155,-59.13163,"Atlantic cod"
"361","SABMPA-1346217-2022-12-05",1,150,0.00666666666666667,"2021_017",45.988165,-59.1183,"Atlantic cod"
"362","SABMPA-1346218-2022-12-06",1,2,0.5,"2021_009",45.988435,-59.22496,"Atlantic cod"
"363","SABMPA-1346218-2022-12-06",1,2,0.5,"2021_014",45.98832,-59.15846,"Atlantic cod"
"364","SABMPA-1346219-2022-12-06",2,40,0.05,"2021_011",45.988005,-59.19898,"Atlantic cod"
"365","SABMPA-1346219-2022-12-06",25,40,0.625,"2021_012",45.988085,-59.18562,"Atlantic cod"
"366","SABMPA-1346219-2022-12-06",5,40,0.125,"2021_013",45.98785,-59.170945,"Atlantic cod"
"367","SABMPA-1346219-2022-12-06",3,40,0.075,"2021_014",45.98832,-59.15846,"Atlantic cod"
"368","SABMPA-1346219-2022-12-06",1,40,0.025,"2021_016",45.988155,-59.13163,"Atlantic cod"
"369","SABMPA-1346219-2022-12-06",1,40,0.025,"2021_017",45.988165,-59.1183,"Atlantic cod"
"370","SABMPA-1346219-2022-12-06",1,40,0.025,"2021_032",46.033125,-58.93974,"Atlantic cod"
"371","SABMPA-1346219-2022-12-06",1,40,0.025,"2021_038",46.062915,-58.872715,"Atlantic cod"
"372","SABMPA-1346219-2022-12-06",1,40,0.025,"2021_039",46.067705,-58.86203,"Atlantic cod"
"373","SABMPA-1346219-2022-12-06",1,40,0.025,"2021_040",46.072565,-58.85077,"Atlantic cod"
"374","SABMPA-1346219-2022-12-06",1,40,0.025,"2021_043",46.08707,-58.81793,"Atlantic cod"
"375","SABMPA-1346219-2022-12-06",1,40,0.025,"2021_045",46.09668,-58.796565,"Atlantic cod"
"376","SABMPA-1346219-2022-12-06",1,40,0.025,"CBS003",47.042375,-60.37108,"Atlantic cod"
"377","SABMPA-1346219-2022-12-06",1,40,0.025,"CBS004",47.04741,-60.36336,"Atlantic cod"
"378","SABMPA-1346219-2022-12-06",1,40,0.025,"CBS005",47.0525233333333,-60.3565033333333,"Atlantic cod"
"379","SABMPA-1346219-2022-12-06",1,40,0.025,"CBS017",47.111485,-60.26813,"Atlantic cod"
"380","SABMPA-1346219-2022-12-06",2,40,0.05,"CBS018",47.11626,-60.26063,"Atlantic cod"
"381","SABMPA-1346219-2022-12-06",1,40,0.025,"CBS019",47.12068,-60.253105,"Atlantic cod"
"382","SABMPA-1346219-2022-12-06",1,40,0.025,"CBS023",47.14098,-60.22394,"Atlantic cod"
"383","SABMPA-1346219-2022-12-06",1,40,0.025,"CBS024",47.1461,-60.2165,"Atlantic cod"
"384","SABMPA-1346219-2022-12-06",1,40,0.025,"CBS168",47.24902,-60.07808,"Atlantic cod"
"385","SABMPA-1346220-2022-12-06",1,12,0.0833333333333333,"2021_012",45.988085,-59.18562,"Atlantic cod"
"386","SABMPA-1346220-2022-12-06",1,12,0.0833333333333333,"2021_013",45.98785,-59.170945,"Atlantic cod"
"387","SABMPA-1346220-2022-12-06",3,12,0.25,"2021_016",45.988155,-59.13163,"Atlantic cod"
"388","SABMPA-1346220-2022-12-06",2,12,0.166666666666667,"2021_017",45.988165,-59.1183,"Atlantic cod"
"389","SABMPA-1346220-2022-12-06",1,12,0.0833333333333333,"2021_018",45.988405,-59.10551,"Atlantic cod"
"390","SABMPA-1346220-2022-12-06",1,12,0.0833333333333333,"2021_020",45.988425,-59.0789,"Atlantic cod"
"391","SABMPA-1346220-2022-12-06",2,12,0.166666666666667,"2021_041",46.077135,-58.840255,"Atlantic cod"
"392","SABMPA-1346220-2022-12-06",2,12,0.166666666666667,"2021_043",46.08707,-58.81793,"Atlantic cod"
"393","SABMPA-1346220-2022-12-06",1,12,0.0833333333333333,"CBS003",47.042375,-60.37108,"Atlantic cod"
"394","SABMPA-1346220-2022-12-06",1,12,0.0833333333333333,"CBS004",47.04741,-60.36336,"Atlantic cod"
"395","SABMPA-1346220-2022-12-06",1,12,0.0833333333333333,"CBS005",47.0525233333333,-60.3565033333333,"Atlantic cod"
"396","SABMPA-1346220-2022-12-06",1,12,0.0833333333333333,"CBS007",47.0620733333333,-60.34187,"Atlantic cod"
"397","SABMPA-1346220-2022-12-06",1,12,0.0833333333333333,"CBS008",47.0670933333333,-60.33427,"Atlantic cod"
"398","SABMPA-1346221-2022-12-06",1,13,0.0769230769230769,"2021_007",45.9883,-59.25373,"Atlantic cod"
"399","SABMPA-1346221-2022-12-06",1,13,0.0769230769230769,"2021_008",45.988065,-59.240125,"Atlantic cod"
"400","SABMPA-1346221-2022-12-06",1,13,0.0769230769230769,"2021_013",45.98785,-59.170945,"Atlantic cod"
"401","SABMPA-1346221-2022-12-06",2,13,0.153846153846154,"2021_014",45.98832,-59.15846,"Atlantic cod"
"402","SABMPA-1346221-2022-12-06",2,13,0.153846153846154,"2021_017",45.988165,-59.1183,"Atlantic cod"
"403","SABMPA-1346221-2022-12-06",1,13,0.0769230769230769,"2021_022",45.98806,-59.05135,"Atlantic cod"
"404","SABMPA-1346221-2022-12-06",1,13,0.0769230769230769,"2021_023",45.98817,-59.038645,"Atlantic cod"
"405","SABMPA-1346221-2022-12-06",1,13,0.0769230769230769,"2021_024",45.99334,-59.02769,"Atlantic cod"
"406","SABMPA-1346221-2022-12-06",1,13,0.0769230769230769,"2021_033",46.03757,-58.92871,"Atlantic cod"
"407","SABMPA-1346221-2022-12-06",1,13,0.0769230769230769,"2021_034",46.04288,-58.917685,"Atlantic cod"
"408","SABMPA-1346221-2022-12-06",4,13,0.307692307692308,"2021_046",46.10162,-58.7854333333333,"Atlantic cod"
"409","SABMPA-1346222-2022-12-05",1,16,0.0625,"1",46.7136,-61.18188,"Atlantic cod"
"410","SABMPA-1346222-2022-12-05",1,16,0.0625,"13",46.71243,-61.05219,"Atlantic cod"
"411","SABMPA-1346222-2022-12-05",1,16,0.0625,"14",46.72682,-61.0822,"Atlantic cod"
"412","SABMPA-1346222-2022-12-05",1,16,0.0625,"2021_005",45.987845,-59.280265,"Atlantic cod"
"413","SABMPA-1346222-2022-12-05",1,16,0.0625,"2021_006",45.98797,-59.266395,"Atlantic cod"
"414","SABMPA-1346222-2022-12-05",1,16,0.0625,"2021_008",45.988065,-59.240125,"Atlantic cod"
"415","SABMPA-1346222-2022-12-05",1,16,0.0625,"2021_009",45.988435,-59.22496,"Atlantic cod"
"416","SABMPA-1346222-2022-12-05",3,16,0.1875,"2021_011",45.988005,-59.19898,"Atlantic cod"
"417","SABMPA-1346222-2022-12-05",1,16,0.0625,"2021_034",46.04288,-58.917685,"Atlantic cod"
"418","SABMPA-1346222-2022-12-05",2,16,0.125,"2021_035",46.04787,-58.90609,"Atlantic cod"
"419","SABMPA-1346222-2022-12-05",1,16,0.0625,"2021_037",46.057845,-58.88393,"Atlantic cod"
"420","SABMPA-1346222-2022-12-05",1,16,0.0625,"2021_038",46.062915,-58.872715,"Atlantic cod"
"421","SABMPA-1346222-2022-12-05",1,16,0.0625,"9",46.72989,-61.1308,"Atlantic cod"
"422","SABMPA-1346222-2022-12-05",1,16,0.0625,"CBS004",47.04741,-60.36336,"Atlantic cod"
"423","SABMPA-1346222-2022-12-05",1,16,0.0625,"CBS005",47.0525233333333,-60.3565033333333,"Atlantic cod"
"424","SABMPA-1346222-2022-12-05",1,16,0.0625,"CBS006",47.05733,-60.3491666666667,"Atlantic cod"
"425","SABMPA-1346222-2022-12-05",2,16,0.125,"CBS008",47.0670933333333,-60.33427,"Atlantic cod"
"426","SABMPA-1346222-2022-12-05",2,16,0.125,"CBS010",47.07708,-60.319725,"Atlantic cod"
"427","SABMPA-1346222-2022-12-05",2,16,0.125,"CBS011",47.08169,-60.31219,"Atlantic cod"
"428","SABMPA-1346222-2022-12-05",2,16,0.125,"CBS012",47.08672,-60.30506,"Atlantic cod"
"429","SABMPA-1346222-2022-12-05",1,16,0.0625,"CBS013",47.091565,-60.297495,"Atlantic cod"
"430","SABMPA-1346222-2022-12-05",1,16,0.0625,"CBS015",47.101365,-60.28269,"Atlantic cod"
"431","SABMPA-1346223-2022-12-05",1,104,0.00961538461538462,"2021_004",45.987755,-59.294005,"Atlantic cod"
"432","SABMPA-1346223-2022-12-05",87,104,0.836538461538462,"2021_012",45.988085,-59.18562,"Atlantic cod"
"433","SABMPA-1346223-2022-12-05",4,104,0.0384615384615385,"2021_013",45.98785,-59.170945,"Atlantic cod"
"434","SABMPA-1346223-2022-12-05",5,104,0.0480769230769231,"2021_014",45.98832,-59.15846,"Atlantic cod"
"435","SABMPA-1346223-2022-12-05",5,104,0.0480769230769231,"2021_016",45.988155,-59.13163,"Atlantic cod"
"436","SABMPA-1346223-2022-12-05",4,104,0.0384615384615385,"2021_017",45.988165,-59.1183,"Atlantic cod"
"437","SABMPA-1346223-2022-12-05",1,104,0.00961538461538462,"2021_018",45.988405,-59.10551,"Atlantic cod"
"438","SABMPA-1346223-2022-12-05",2,104,0.0192307692307692,"2021_019",45.988395,-59.091945,"Atlantic cod"
"439","SABMPA-1346223-2022-12-05",2,104,0.0192307692307692,"2021_020",45.988425,-59.0789,"Atlantic cod"
"440","SABMPA-1346223-2022-12-05",2,104,0.0192307692307692,"2021_021",45.98822,-59.06439,"Atlantic cod"
"441","SABMPA-1346223-2022-12-05",2,104,0.0192307692307692,"2021_022",45.98806,-59.05135,"Atlantic cod"
"442","SABMPA-1346223-2022-12-05",1,104,0.00961538461538462,"2021_025",45.9982,-59.01734,"Atlantic cod"
"443","SABMPA-1346223-2022-12-05",1,104,0.00961538461538462,"2021_026",46.00319,-59.00584,"Atlantic cod"
"444","SABMPA-1346223-2022-12-05",1,104,0.00961538461538462,"2021_032",46.033125,-58.93974,"Atlantic cod"
"445","SABMPA-1346223-2022-12-05",1,104,0.00961538461538462,"2021_033",46.03757,-58.92871,"Atlantic cod"
"446","SABMPA-1346223-2022-12-05",1,104,0.00961538461538462,"2021_034",46.04288,-58.917685,"Atlantic cod"
"447","SABMPA-1346223-2022-12-05",1,104,0.00961538461538462,"2021_035",46.04787,-58.90609,"Atlantic cod"
"448","SABMPA-1346223-2022-12-05",1,104,0.00961538461538462,"2021_037",46.057845,-58.88393,"Atlantic cod"
"449","SABMPA-1346223-2022-12-05",1,104,0.00961538461538462,"2021_038",46.062915,-58.872715,"Atlantic cod"
"450","SABMPA-1346223-2022-12-05",1,104,0.00961538461538462,"2021_041",46.077135,-58.840255,"Atlantic cod"
"451","SABMPA-1346224-2022-12-05",1,94,0.0106382978723404,"2021_011",45.988005,-59.19898,"Atlantic cod"
"452","SABMPA-1346224-2022-12-05",77,94,0.819148936170213,"2021_012",45.988085,-59.18562,"Atlantic cod"
"453","SABMPA-1346224-2022-12-05",4,94,0.0425531914893617,"2021_013",45.98785,-59.170945,"Atlantic cod"
"454","SABMPA-1346224-2022-12-05",1,94,0.0106382978723404,"2021_014",45.98832,-59.15846,"Atlantic cod"
"455","SABMPA-1346224-2022-12-05",1,94,0.0106382978723404,"2021_016",45.988155,-59.13163,"Atlantic cod"
"456","SABMPA-1346224-2022-12-05",1,94,0.0106382978723404,"2021_017",45.988165,-59.1183,"Atlantic cod"
"457","SABMPA-1346224-2022-12-05",1,94,0.0106382978723404,"2021_020",45.988425,-59.0789,"Atlantic cod"
"458","SABMPA-1346224-2022-12-05",1,94,0.0106382978723404,"2021_044",46.091655,-58.80692,"Atlantic cod"
"459","SABMPA-1346224-2022-12-05",2,94,0.0212765957446809,"2021_045",46.09668,-58.796565,"Atlantic cod"
"460","SABMPA-1346224-2022-12-05",1,94,0.0106382978723404,"CBS004",47.04741,-60.36336,"Atlantic cod"
"461","SABMPA-1346224-2022-12-05",1,94,0.0106382978723404,"CBS005",47.0525233333333,-60.3565033333333,"Atlantic cod"
"462","SABMPA-1346224-2022-12-05",1,94,0.0106382978723404,"CBS006",47.05733,-60.3491666666667,"Atlantic cod"
"463","SABMPA-1346224-2022-12-05",1,94,0.0106382978723404,"CBS007",47.0620733333333,-60.34187,"Atlantic cod"
"464","SABMPA-1346224-2022-12-05",2,94,0.0212765957446809,"CBS009",47.07185,-60.32666,"Atlantic cod"
"465","SABMPA-1346224-2022-12-05",1,94,0.0106382978723404,"CBS010",47.07708,-60.319725,"Atlantic cod"
"466","SABMPA-1346224-2022-12-05",1,94,0.0106382978723404,"CBS170",47.256995,-60.060585,"Atlantic cod"
"467","SABMPA-1346224-2022-12-05",2,94,0.0212765957446809,"CBS171",47.26106,-60.052545,"Atlantic cod"
"468","SABMPA-1346224-2022-12-05",2,94,0.0212765957446809,"CBS172",47.265165,-60.044105,"Atlantic cod"
"469","SABMPA-1346225-2022-12-05",6,7,0.857142857142857,"2021_012",45.988085,-59.18562,"Atlantic cod"
"470","SABMPA-1346225-2022-12-05",1,7,0.142857142857143,"2021_018",45.988405,-59.10551,"Atlantic cod"
"471","SABMPA-1346226-2022-12-05",1,8,0.125,"2021_009",45.988435,-59.22496,"Atlantic cod"
"472","SABMPA-1346226-2022-12-05",1,8,0.125,"2021_010",45.988155,-59.212655,"Atlantic cod"
"473","SABMPA-1346226-2022-12-05",2,8,0.25,"2021_012",45.988085,-59.18562,"Atlantic cod"
"474","SABMPA-1346226-2022-12-05",1,8,0.125,"2021_016",45.988155,-59.13163,"Atlantic cod"
"475","SABMPA-1346226-2022-12-05",1,8,0.125,"2021_025",45.9982,-59.01734,"Atlantic cod"
"476","SABMPA-1346226-2022-12-05",1,8,0.125,"2021_026",46.00319,-59.00584,"Atlantic cod"
"477","SABMPA-1346226-2022-12-05",1,8,0.125,"2021_027",46.00815,-58.99471,"Atlantic cod"
"478","SABMPA-1346226-2022-12-05",1,8,0.125,"2021_028",46.01304,-58.98382,"Atlantic cod"
"479","SABMPA-1346226-2022-12-05",1,8,0.125,"2021_029",46.01813,-58.97297,"Atlantic cod"
"480","SABMPA-1346226-2022-12-05",1,8,0.125,"2021_036",46.05302,-58.89495,"Atlantic cod"
"481","SABMPA-1346226-2022-12-05",1,8,0.125,"2021_037",46.057845,-58.88393,"Atlantic cod"
"482","SABMPA-1346226-2022-12-05",2,8,0.25,"2021_038",46.062915,-58.872715,"Atlantic cod"
"483","SABMPA-1346226-2022-12-05",1,8,0.125,"2021_039",46.067705,-58.86203,"Atlantic cod"
"484","SABMPA-1346226-2022-12-05",1,8,0.125,"2021_043",46.08707,-58.81793,"Atlantic cod"
"485","SABMPA-1346226-2022-12-05",1,8,0.125,"CBS006",47.05733,-60.3491666666667,"Atlantic cod"
"486","SABMPA-1346227-2022-12-05",1,1,1,"2021_011",45.988005,-59.19898,"Atlantic cod"
"487","SABMPA-1346227-2022-12-05",1,1,1,"2021_012",45.988085,-59.18562,"Atlantic cod"
"488","SABMPA-1346227-2022-12-05",1,1,1,"2021_013",45.98785,-59.170945,"Atlantic cod"
"489","SABMPA-1346228-2022-12-05",1,36,0.0277777777777778,"2021_008",45.988065,-59.240125,"Atlantic cod"
"490","SABMPA-1346228-2022-12-05",23,36,0.638888888888889,"2021_010",45.988155,-59.212655,"Atlantic cod"
"491","SABMPA-1346228-2022-12-05",3,36,0.0833333333333333,"2021_011",45.988005,-59.19898,"Atlantic cod"
"492","SABMPA-1346228-2022-12-05",1,36,0.0277777777777778,"2021_012",45.988085,-59.18562,"Atlantic cod"
"493","SABMPA-1346228-2022-12-05",1,36,0.0277777777777778,"2021_013",45.98785,-59.170945,"Atlantic cod"
"494","SABMPA-1346228-2022-12-05",1,36,0.0277777777777778,"2021_016",45.988155,-59.13163,"Atlantic cod"
"495","SABMPA-1346228-2022-12-05",1,36,0.0277777777777778,"2021_017",45.988165,-59.1183,"Atlantic cod"
"496","SABMPA-1346228-2022-12-05",1,36,0.0277777777777778,"2021_018",45.988405,-59.10551,"Atlantic cod"
"497","SABMPA-1346228-2022-12-05",1,36,0.0277777777777778,"CBS004",47.04741,-60.36336,"Atlantic cod"
"498","SABMPA-1346228-2022-12-05",1,36,0.0277777777777778,"CBS005",47.0525233333333,-60.3565033333333,"Atlantic cod"
"499","SABMPA-1346228-2022-12-05",1,36,0.0277777777777778,"CBS015",47.101365,-60.28269,"Atlantic cod"
"500","SABMPA-1346228-2022-12-05",1,36,0.0277777777777778,"CBS017",47.111485,-60.26813,"Atlantic cod"
"501","SABMPA-1346228-2022-12-05",1,36,0.0277777777777778,"CBS018",47.11626,-60.26063,"Atlantic cod"
"502","SABMPA-1346228-2022-12-05",1,36,0.0277777777777778,"CBS019",47.12068,-60.253105,"Atlantic cod"
"503","SABMPA-1346228-2022-12-05",1,36,0.0277777777777778,"CBS020",47.125925,-60.24565,"Atlantic cod"
"504","SABMPA-1346228-2022-12-05",1,36,0.0277777777777778,"CBS021",47.131795,-60.239135,"Atlantic cod"
"505","SABMPA-1346228-2022-12-05",1,36,0.0277777777777778,"CBS022",47.1360988709677,-60.2316470967742,"Atlantic cod"
"506","SABMPA-1346228-2022-12-05",1,36,0.0277777777777778,"CBS023",47.14098,-60.22394,"Atlantic cod"
"507","SABMPA-1346228-2022-12-05",2,36,0.0555555555555556,"CBS026",47.155845,-60.20205,"Atlantic cod"
"508","SABMPA-1346228-2022-12-05",1,36,0.0277777777777778,"NE1_2023",46.60505,-60.1632,"Atlantic cod"
"509","SABMPA-1346228-2022-12-05",1,36,0.0277777777777778,"NW6_2023",46.57295,-60.19791,"Atlantic cod"
"510","SABMPA-1346228-2022-12-05",1,36,0.0277777777777778,"SE5_2023",46.52039,-60.20755,"Atlantic cod"
"511","SABMPA-1346228-2022-12-05",1,36,0.0277777777777778,"SE6_2023",46.51357,-60.21101,"Atlantic cod"
"512","SABMPA-1346229-2022-12-05",1,1,1,"2021_011",45.988005,-59.19898,"Atlantic cod"
"513","SABMPA-1346229-2022-12-05",1,1,1,"2021_013",45.98785,-59.170945,"Atlantic cod"
"514","SABMPA-MPA-SAB-0020",1,5,0.2,"CBS013",47.091565,-60.297495,"Atlantic cod"
"515","SABMPA-MPA-SAB-0020",1,5,0.2,"GDL-m150-4040564",47.37596,-60.24539,"Atlantic cod"
"516","SABMPA-MPA-SAB-0020",1,5,0.2,"GDL-m150-4040573",47.37507,-60.24684,"Atlantic cod"
"517","SABMPA-MPA-SAB-0020",1,5,0.2,"GDL-m150-4040576",47.37482,-60.24723,"Atlantic cod"
"518","SABMPA-MPA-SAB-0020",1,5,0.2,"GDL-m150-4040580",47.37453,-60.24771,"Atlantic cod"
"519","SABMPA-MPA-SAB-0020",1,5,0.2,"GDL-m150-4040582",47.37434,-60.24802,"Atlantic cod"
"520","SABMPA-MPA-SAB-0020",1,5,0.2,"GDL-m150-4040586",47.37408,-60.24845,"Atlantic cod"
"521","SABMPA-MPA-SAB-0020",1,5,0.2,"GDL-m150-4040587",47.3739,-60.24873,"Atlantic cod"
"522","SABMPA-MPA-SAB-0020",1,5,0.2,"GDL-m150-4040590",47.37367,-60.2491,"Atlantic cod"
"523","SABMPA-MPA-SAB-0020",1,5,0.2,"GDL-m150-4040594",47.37334,-60.24964,"Atlantic cod"
"524","SABMPA-MPA-SAB-0020",1,5,0.2,"GDL-m150-4040598",47.37302,-60.25017,"Atlantic cod"
"525","SABMPA-MPA-SAB-0020",1,5,0.2,"GDL-m150-4040604",47.37272,-60.25065,"Atlantic cod"
"526","SABMPA-MPA-SAB-0020",1,5,0.2,"N114",46.2114,-59.11822,"Atlantic cod"
"527","SABMPA-MPA-SAB-0020",1,5,0.2,"S122",46.02173,-58.82652,"Atlantic cod"
"528","SABMPA-MPA-SAB-0020",1,5,0.2,"V2LSCF-N17",46.22697,-59.0711,"Atlantic cod"
"529","SABMPA-MPA-SAB-0021",1,1,1,"V2LSCF-N8",46.20403,-59.14136,"Atlantic cod"
"530","SABMPA-MPA-SAB-0022",2,15,0.133333333333333,"CBS171",47.26106,-60.052545,"Atlantic cod"
"531","SABMPA-MPA-SAB-0022",1,15,0.0666666666666667,"CBS172",47.265165,-60.044105,"Atlantic cod"
"532","SABMPA-MPA-SAB-0022",1,15,0.0666666666666667,"CBS173",47.26992,-60.03535,"Atlantic cod"
"533","SABMPA-MPA-SAB-0022",1,15,0.0666666666666667,"CBS175",47.277985,-60.01752,"Atlantic cod"
"534","SABMPA-MPA-SAB-0022",1,15,0.0666666666666667,"CBS178",47.29054,-59.99204,"Atlantic cod"
"535","SABMPA-MPA-SAB-0022",3,15,0.2,"CBS179",47.29443,-59.98399,"Atlantic cod"
"536","SABMPA-MPA-SAB-0022",4,15,0.266666666666667,"CBS180",47.29912,-59.97438,"Atlantic cod"
"537","SABMPA-MPA-SAB-0022",1,15,0.0666666666666667,"CBS184",47.315505,-59.94074,"Atlantic cod"
"538","SABMPA-MPA-SAB-0022",1,15,0.0666666666666667,"CBS191",47.34477,-59.87942,"Atlantic cod"
"539","SABMPA-MPA-SAB-0022",1,15,0.0666666666666667,"CBS193",47.35333,-59.86216,"Atlantic cod"
"540","SABMPA-MPA-SAB-0022",1,15,0.0666666666666667,"CBS194",47.35747,-59.85388,"Atlantic cod"
"541","SABMPA-MPA-SAB-0022",1,15,0.0666666666666667,"CBS195",47.36166,-59.84518,"Atlantic cod"
"542","SABMPA-MPA-SAB-0022",1,15,0.0666666666666667,"CBS196",47.3654,-59.83654,"Atlantic cod"
"543","SABMPA-MPA-SAB-0022",1,15,0.0666666666666667,"CBS209",47.42033,-59.72478,"Atlantic cod"
"544","SABMPA-MPA-SAB-0022",1,15,0.0666666666666667,"CBS225",47.48742,-59.58644,"Atlantic cod"
"545","SABMPA-MPA-SAB-0022",1,15,0.0666666666666667,"N22",46.24659,-59.01201,"Atlantic cod"
"546","SABMPA-MPA-SAB-0022",1,15,0.0666666666666667,"V2LSCF-N20",46.23836,-59.03603,"Atlantic cod"
"547","SABMPA-MPA-SAB-0022",1,15,0.0666666666666667,"V2LSCF-N21",46.24191,-59.02366,"Atlantic cod"
"548","SABMPA-MPA-SAB-0022",1,15,0.0666666666666667,"V2LSCF-S16",46.02148,-59.07189,"Atlantic cod"
"549","SABMPA-MPA-SAB-0022",4,15,0.266666666666667,"V2LSCF-S17",46.02149,-59.05975,"Atlantic cod"
"550","SABMPA-MPA-SAB-0022",2,15,0.133333333333333,"V2LSCF-S18",46.02107,-59.04714,"Atlantic cod"
"551","SABMPA-MPA-SAB-0023",1,2,0.5,"N101",46.161,-59.27147,"Atlantic cod"
"552","SABMPA-MPA-SAB-0023",1,2,0.5,"V2LSCF-N20",46.23836,-59.03603,"Atlantic cod"
"553","SABMPA-MPA-SAB-0024",1,2,0.5,"CBS009",47.07185,-60.32666,"Atlantic cod"
"554","SABMPA-MPA-SAB-0024",1,2,0.5,"V2LSCF-N20",46.23836,-59.03603,"Atlantic cod"
"555","SABMPA-MPA-SAB-0026",1,3,0.333333333333333,"CABOT NORD",48.04083,-61.16233,"Atlantic cod"
"556","SABMPA-MPA-SAB-0026",1,3,0.333333333333333,"CBS015",47.101365,-60.28269,"Atlantic cod"
"557","SABMPA-MPA-SAB-0026",1,3,0.333333333333333,"N22",46.24659,-59.01201,"Atlantic cod"
"558","SABMPA-MPA-SAB-0027",1,1,1,"N23",46.16175,-59.27114,"Atlantic cod"
"559","SABMPA-MPA-SAB-0029",1,1,1,"V2LSCF-S20",46.02161,-58.85209,"Atlantic cod"
"560","SABMPA-MPA-SAB-0029",1,1,1,"V2LSCF-S21",46.02203,-58.83959,"Atlantic cod"
"561","SABMPA-MPA-SAB-0030",2,4,0.5,"N104",46.17312,-59.23566,"Atlantic cod"
"562","SABMPA-MPA-SAB-0030",2,4,0.5,"N105",46.17711,-59.22334,"Atlantic cod"
"563","SABMPA-MPA-SAB-0030",1,4,0.25,"N106",46.18099,-59.21217,"Atlantic cod"
"564","SABMPA-MPA-SAB-0030",1,4,0.25,"N123",46.2466,-59.012245,"Atlantic cod"
"565","SABMPA-MPA-SAB-0030",1,4,0.25,"V2LSCF-N21",46.24191,-59.02366,"Atlantic cod"
"566","SABMPA-MPA-SAB-0031",1,3,0.333333333333333,"N103",46.16934,-59.24744,"Atlantic cod"
"567","SABMPA-MPA-SAB-0031",1,3,0.333333333333333,"N104",46.17312,-59.23566,"Atlantic cod"
"568","SABMPA-MPA-SAB-0031",1,3,0.333333333333333,"S102",46.02143,-59.08513,"Atlantic cod"
"569","SABMPA-MPA-SAB-0031",1,3,0.333333333333333,"S103",46.02125,-59.07238,"Atlantic cod"
"570","SABMPA-MPA-SAB-0031",1,3,0.333333333333333,"SE1",46.54681,-60.19643,"Atlantic cod"
"571","SABMPA-MPA-SAB-0032",1,4,0.25,"N118",46.22689,-59.07148,"Atlantic cod"
"572","SABMPA-MPA-SAB-0032",1,4,0.25,"S118",46.02168,-58.87804,"Atlantic cod"
"573","SABMPA-MPA-SAB-0032",1,4,0.25,"S119",46.021625,-58.86491,"Atlantic cod"
"574","SABMPA-MPA-SAB-0032",1,4,0.25,"S121",46.02185,-58.839585,"Atlantic cod"
"575","SABMPA-MPA-SAB-0032",2,4,0.5,"S122",46.02173,-58.82652,"Atlantic cod"
"576","SABMPA-MPA-SAB-0032",1,4,0.25,"V2LSCF-N13",46.16585,-59.25879,"Atlantic cod"
"577","SABMPA-MPA-SAB-0034",1,2,0.5,"V2LSCF-N1",46.17736,-59.22349,"Atlantic cod"
"578","SABMPA-MPA-SAB-0034",2,2,1,"V2LSCF-N2",46.18145,-59.21199,"Atlantic cod"
"579","SABMPA-MPA-SAB-0034",1,2,0.5,"V2LSCF-N3",46.18382,-59.20024,"Atlantic cod"
"580","SABMPA-MPA-SAB-0037",1,13,0.0769230769230769,"GDL-WG-106_20191120-314394",46.01547,-59.26285,"Atlantic cod"
"581","SABMPA-MPA-SAB-0037",1,13,0.0769230769230769,"GDL-WG-106_20191120-314404",46.01553,-59.26635,"Atlantic cod"
"582","SABMPA-MPA-SAB-0037",1,13,0.0769230769230769,"GDL-WG-106_20191120-314484",46.01548,-59.26366,"Atlantic cod"
"583","SABMPA-MPA-SAB-0037",1,13,0.0769230769230769,"GDL-WG-106_20191120-314549",46.01544,-59.26164,"Atlantic cod"
"584","SABMPA-MPA-SAB-0037",1,13,0.0769230769230769,"GDL-WG-106_20191120-314598",46.01544,-59.26023,"Atlantic cod"
"585","SABMPA-MPA-SAB-0037",1,13,0.0769230769230769,"GDL-WG-106_20191120-314853",46.01594,-59.26167,"Atlantic cod"
"586","SABMPA-MPA-SAB-0037",1,13,0.0769230769230769,"GDL-WG-106_20191120-315018",46.01496,-59.26012,"Atlantic cod"
"587","SABMPA-MPA-SAB-0037",1,13,0.0769230769230769,"GDL-WG-106_20191120-315112",46.01692,-59.26317,"Atlantic cod"
"588","SABMPA-MPA-SAB-0037",1,13,0.0769230769230769,"GDL-WG-106_20191120-315180",46.01748,-59.26408,"Atlantic cod"
"589","SABMPA-MPA-SAB-0037",1,13,0.0769230769230769,"GDL-WG-91_92_2018-40678",46.01906,-59.24806,"Atlantic cod"
"590","SABMPA-MPA-SAB-0037",1,13,0.0769230769230769,"GDL-WG-91_92_2018-40680",46.01717,-59.25319,"Atlantic cod"
"591","SABMPA-MPA-SAB-0037",1,13,0.0769230769230769,"GDL-WG-91_92_2018-40697",46.01786,-59.2514,"Atlantic cod"
"592","SABMPA-MPA-SAB-0037",1,13,0.0769230769230769,"GDL-WG-91_92_2018-40701",46.01764,-59.25197,"Atlantic cod"
"593","SABMPA-MPA-SAB-0037",1,13,0.0769230769230769,"GDL-WG-91_92_2018-40702",46.01599,-59.25627,"Atlantic cod"
"594","SABMPA-MPA-SAB-0037",1,13,0.0769230769230769,"GDL-WG-91_92_2018-40709",46.01873,-59.24899,"Atlantic cod"
"595","SABMPA-MPA-SAB-0037",1,13,0.0769230769230769,"GDL-WG-91_92_2018-40711",46.01689,-59.25393,"Atlantic cod"
"596","SABMPA-MPA-SAB-0037",1,13,0.0769230769230769,"GDL-WG-91_92_2018-40722",46.01825,-59.25033,"Atlantic cod"
"597","SABMPA-MPA-SAB-0037",1,13,0.0769230769230769,"GDL-WG-91_92_2018-40731",46.01742,-59.25255,"Atlantic cod"
"598","SABMPA-MPA-SAB-0037",1,13,0.0769230769230769,"GDL-WG-91_92_2018-40746",46.01652,-59.25489,"Atlantic cod"
"599","SABMPA-MPA-SAB-0037",3,13,0.230769230769231,"N101",46.161,-59.27147,"Atlantic cod"
"600","SABMPA-MPA-SAB-0037",4,13,0.307692307692308,"N102",46.16548,-59.25893,"Atlantic cod"
"601","SABMPA-MPA-SAB-0037",5,13,0.384615384615385,"N103",46.16934,-59.24744,"Atlantic cod"
"602","SABMPA-MPA-SAB-0037",3,13,0.230769230769231,"N104",46.17312,-59.23566,"Atlantic cod"
"603","SABMPA-MPA-SAB-0037",1,13,0.0769230769230769,"N105",46.17711,-59.22334,"Atlantic cod"
"604","SABMPA-MPA-SAB-0037",1,13,0.0769230769230769,"N107",46.18363,-59.20034,"Atlantic cod"
"605","SABMPA-MPA-SAB-0037",1,13,0.0769230769230769,"N112",46.20397,-59.14154,"Atlantic cod"
"606","SABMPA-MPA-SAB-0037",1,13,0.0769230769230769,"N113",46.20791,-59.12985,"Atlantic cod"
"607","SABMPA-MPA-SAB-0037",1,13,0.0769230769230769,"S101",46.02183,-59.09836,"Atlantic cod"
"608","SABMPA-MPA-SAB-0037",1,13,0.0769230769230769,"S102",46.02143,-59.08513,"Atlantic cod"
"609","SABMPA-MPA-SAB-0037",1,13,0.0769230769230769,"S103",46.02125,-59.07238,"Atlantic cod"
"610","SABMPA-MPA-SAB-0037",1,13,0.0769230769230769,"S104",46.02141,-59.05982,"Atlantic cod"
"611","SABMPA-MPA-SAB-0038",1,5,0.2,"CBS003",47.042375,-60.37108,"Atlantic cod"
"612","SABMPA-MPA-SAB-0038",1,5,0.2,"CBS007",47.0620733333333,-60.34187,"Atlantic cod"
"613","SABMPA-MPA-SAB-0038",1,5,0.2,"CBS008",47.0670933333333,-60.33427,"Atlantic cod"
"614","SABMPA-MPA-SAB-0038",1,5,0.2,"N118",46.22689,-59.07148,"Atlantic cod"
"615","SABMPA-MPA-SAB-0038",2,5,0.4,"ZSC002",47.0315,-60.65098,"Atlantic cod"
"616","SABMPA-MPA-SAB-0040",1,11,0.0909090909090909,"CABOT NORD",48.04083,-61.16233,"Atlantic cod"
"617","SABMPA-MPA-SAB-0040",1,11,0.0909090909090909,"CBS014",47.0963933333333,-60.2902533333333,"Atlantic cod"
"618","SABMPA-MPA-SAB-0040",1,11,0.0909090909090909,"CBS170",47.256995,-60.060585,"Atlantic cod"
"619","SABMPA-MPA-SAB-0040",1,11,0.0909090909090909,"CBS171",47.26106,-60.052545,"Atlantic cod"
"620","SABMPA-MPA-SAB-0040",1,11,0.0909090909090909,"CBS172",47.265165,-60.044105,"Atlantic cod"
"621","SABMPA-MPA-SAB-0040",1,11,0.0909090909090909,"CBS174",47.2739,-60.0265,"Atlantic cod"
"622","SABMPA-MPA-SAB-0040",1,11,0.0909090909090909,"CBS175",47.277985,-60.01752,"Atlantic cod"
"623","SABMPA-MPA-SAB-0040",1,11,0.0909090909090909,"N123",46.2466,-59.012245,"Atlantic cod"
"624","SABMPA-MPA-SAB-0040",2,11,0.181818181818182,"S107",46.02177,-59.02082,"Atlantic cod"
"625","SABMPA-MPA-SAB-0040",4,11,0.363636363636364,"S108",46.02186,-59.0051,"Atlantic cod"
"626","SABMPA-MPA-SAB-0040",2,11,0.181818181818182,"S109",46.02182,-58.99478,"Atlantic cod"
"627","SABMPA-MPA-SAB-0040",1,11,0.0909090909090909,"S112",46.02178,-58.95601,"Atlantic cod"
"628","SABMPA-MPA-SAB-0040",1,11,0.0909090909090909,"S113",46.02188,-58.94312,"Atlantic cod"
"629","SABMPA-MPA-SAB-0042",1,3,0.333333333333333,"N113",46.20791,-59.12985,"Atlantic cod"
"630","SABMPA-MPA-SAB-0042",1,3,0.333333333333333,"V2LSCF-N20",46.23836,-59.03603,"Atlantic cod"
"631","SABMPA-MPA-SAB-0042",2,3,0.666666666666667,"V2LSCF-N21",46.24191,-59.02366,"Atlantic cod"
"632","SABMPA-MPA-SAB-0043",1,1,1,"V2LSCF-N7",46.20036,-59.15345,"Atlantic cod"
"633","SABMPA-MPA-SAB-0044",1,3,0.333333333333333,"CBS005",47.0525233333333,-60.3565033333333,"Atlantic cod"
"634","SABMPA-MPA-SAB-0044",1,3,0.333333333333333,"CBS015",47.101365,-60.28269,"Atlantic cod"
"635","SABMPA-MPA-SAB-0044",1,3,0.333333333333333,"V2LSCF-N4",46.18905,-59.18804,"Atlantic cod"
"636","SABMPA-MPA-SAB-0044",1,3,0.333333333333333,"V2LSCF-N5",46.1925,-59.17673,"Atlantic cod"
"637","SABMPA-MPA-SAB-0045",1,2,0.5,"N122",46.24223,-59.02358,"Atlantic cod"
"638","SABMPA-MPA-SAB-0045",1,2,0.5,"V2LSCF-N9",46.20795,-59.12996,"Atlantic cod"
"639","SABMPA-MPA-SAB-0046",1,3,0.333333333333333,"CBS005",47.0525233333333,-60.3565033333333,"Atlantic cod"
"640","SABMPA-MPA-SAB-0046",1,3,0.333333333333333,"CBS006",47.05733,-60.3491666666667,"Atlantic cod"
"641","SABMPA-MPA-SAB-0046",1,3,0.333333333333333,"CBS016",47.10628,-60.27528,"Atlantic cod"
"642","SABMPA-MPA-SAB-0046",1,3,0.333333333333333,"N22",46.24659,-59.01201,"Atlantic cod"
"643","SABMPA-MPA-SAB-0046",1,3,0.333333333333333,"V2LSCF-N21",46.24191,-59.02366,"Atlantic cod"
"644","SABMPA-MPA-SAB-0047",1,1,1,"GDL-WG-141_202109-2977139",46.25972,-59.58001,"Atlantic cod"
"645","SABMPA-MPA-SAB-0047",1,1,1,"GDL-WG-141_202109-2977315",46.25973,-59.58065,"Atlantic cod"
"646","SABMPA-MPA-SAB-0048",1,1,1,"V2LSCF-N21",46.24191,-59.02366,"Atlantic cod"
"647","SABMPA-MPA-SAB-0049",1,1,1,"V2LSCF-N21",46.24191,-59.02366,"Atlantic cod"
"648","SABMPA-MPA-SAB-0052",1,5,0.2,"CBS003",47.042375,-60.37108,"Atlantic cod"
"649","SABMPA-MPA-SAB-0052",1,5,0.2,"N104",46.17312,-59.23566,"Atlantic cod"
"650","SABMPA-MPA-SAB-0052",1,5,0.2,"N105",46.17711,-59.22334,"Atlantic cod"
"651","SABMPA-MPA-SAB-0052",1,5,0.2,"V2LSCF-N13",46.16585,-59.25879,"Atlantic cod"
"652","SABMPA-MPA-SAB-0052",1,5,0.2,"V2LSCF-N14",46.16972,-59.24736,"Atlantic cod"
"653","SABMPA-MPA-SAB-0052",1,5,0.2,"V2LSCF-S14",46.02175,-59.09797,"Atlantic cod"
"654","SABMPA-MPA-SAB-0052",2,5,0.4,"V2LSCF-S15",46.0213,-59.08498,"Atlantic cod"
"655","SABMPA-MPA-SAB-0053",2,4,0.5,"N23",46.16175,-59.27114,"Atlantic cod"
"656","SABMPA-MPA-SAB-0053",1,4,0.25,"V2LSCF-S14",46.02175,-59.09797,"Atlantic cod"
"657","SABMPA-MPA-SAB-0053",1,4,0.25,"V2LSCF-S4",46.02174,-58.99511,"Atlantic cod"
"658","SABMPA-MPA-SAB-0054",1,9,0.111111111111111,"GDL-WG-1-3886748",45.0717,-57.78293,"Atlantic cod"
"659","SABMPA-MPA-SAB-0054",1,9,0.111111111111111,"GDL-WG-1-3886909",45.07148,-57.78478,"Atlantic cod"
"660","SABMPA-MPA-SAB-0054",1,9,0.111111111111111,"GDL-WG-1-3887380",45.07299,-57.77178,"Atlantic cod"
"661","SABMPA-MPA-SAB-0054",1,9,0.111111111111111,"GDL-WG-1-3887546",45.07194,-57.78079,"Atlantic cod"
"662","SABMPA-MPA-SAB-0054",1,9,0.111111111111111,"GDL-WG-1-3887603",45.07267,-57.77495,"Atlantic cod"
"663","SABMPA-MPA-SAB-0054",1,9,0.111111111111111,"GDL-WG-1-3887655",45.07209,-57.77949,"Atlantic cod"
"664","SABMPA-MPA-SAB-0054",1,9,0.111111111111111,"GDL-WG-1-3887696",45.07185,-57.78158,"Atlantic cod"
"665","SABMPA-MPA-SAB-0054",1,9,0.111111111111111,"GDL-WG-1-3887925",45.07242,-57.77671,"Atlantic cod"
"666","SABMPA-MPA-SAB-0054",1,9,0.111111111111111,"GDL-WG-1-3888084",45.07289,-57.77326,"Atlantic cod"
"667","SABMPA-MPA-SAB-0054",1,9,0.111111111111111,"N102",46.16548,-59.25893,"Atlantic cod"
"668","SABMPA-MPA-SAB-0054",1,9,0.111111111111111,"N103",46.16934,-59.24744,"Atlantic cod"
"669","SABMPA-MPA-SAB-0054",1,9,0.111111111111111,"N105",46.17711,-59.22334,"Atlantic cod"
"670","SABMPA-MPA-SAB-0054",2,9,0.222222222222222,"S102",46.02143,-59.08513,"Atlantic cod"
"671","SABMPA-MPA-SAB-0054",1,9,0.111111111111111,"S103",46.02125,-59.07238,"Atlantic cod"
"672","SABMPA-MPA-SAB-0054",3,9,0.333333333333333,"S104",46.02141,-59.05982,"Atlantic cod"
"673","SABMPA-MPA-SAB-0054",2,9,0.222222222222222,"S105",46.02091,-59.04642,"Atlantic cod"
"674","SABMPA-MPA-SAB-0054",2,9,0.222222222222222,"S106",46.02219,-59.03353,"Atlantic cod"
"675","SABMPA-MPA-SAB-0054",1,9,0.111111111111111,"S107",46.02177,-59.02082,"Atlantic cod"
"676","SABMPA-MPA-SAB-0054",1,9,0.111111111111111,"V2LSCF-N19",46.23439,-59.04727,"Atlantic cod"
"677","SABMPA-MPA-SAB-0055",1,34,0.0294117647058824,"CBS003",47.042375,-60.37108,"Atlantic cod"
"678","SABMPA-MPA-SAB-0055",4,34,0.117647058823529,"CBS005",47.0525233333333,-60.3565033333333,"Atlantic cod"
"679","SABMPA-MPA-SAB-0055",3,34,0.0882352941176471,"CBS006",47.05733,-60.3491666666667,"Atlantic cod"
"680","SABMPA-MPA-SAB-0055",1,34,0.0294117647058824,"CBS007",47.0620733333333,-60.34187,"Atlantic cod"
"681","SABMPA-MPA-SAB-0055",1,34,0.0294117647058824,"CBS019",47.12068,-60.253105,"Atlantic cod"
"682","SABMPA-MPA-SAB-0055",2,34,0.0588235294117647,"CBS020",47.125925,-60.24565,"Atlantic cod"
"683","SABMPA-MPA-SAB-0055",1,34,0.0294117647058824,"CBS021",47.131795,-60.239135,"Atlantic cod"
"684","SABMPA-MPA-SAB-0055",1,34,0.0294117647058824,"CBS025",47.150965,-60.209455,"Atlantic cod"
"685","SABMPA-MPA-SAB-0055",1,34,0.0294117647058824,"CBS026",47.155845,-60.20205,"Atlantic cod"
"686","SABMPA-MPA-SAB-0055",2,34,0.0588235294117647,"CBS027",47.1608,-60.19507,"Atlantic cod"
"687","SABMPA-MPA-SAB-0055",2,34,0.0588235294117647,"CBS171",47.26106,-60.052545,"Atlantic cod"
"688","SABMPA-MPA-SAB-0055",1,34,0.0294117647058824,"CBS172",47.265165,-60.044105,"Atlantic cod"
"689","SABMPA-MPA-SAB-0055",1,34,0.0294117647058824,"CBS174",47.2739,-60.0265,"Atlantic cod"
"690","SABMPA-MPA-SAB-0055",2,34,0.0588235294117647,"CBS175",47.277985,-60.01752,"Atlantic cod"
"691","SABMPA-MPA-SAB-0055",1,34,0.0294117647058824,"CBS176",47.281745,-60.006605,"Atlantic cod"
"692","SABMPA-MPA-SAB-0055",1,34,0.0294117647058824,"CBS180",47.29912,-59.97438,"Atlantic cod"
"693","SABMPA-MPA-SAB-0055",1,34,0.0294117647058824,"CBS182",47.3072,-59.95747,"Atlantic cod"
"694","SABMPA-MPA-SAB-0055",1,34,0.0294117647058824,"CBS184",47.315505,-59.94074,"Atlantic cod"
"695","SABMPA-MPA-SAB-0055",2,34,0.0588235294117647,"CBS185",47.31979,-59.93152,"Atlantic cod"
"696","SABMPA-MPA-SAB-0055",3,34,0.0882352941176471,"CBS186",47.32403,-59.92306,"Atlantic cod"
"697","SABMPA-MPA-SAB-0055",1,34,0.0294117647058824,"CBS187",47.32859,-59.91458,"Atlantic cod"
"698","SABMPA-MPA-SAB-0055",3,34,0.0882352941176471,"CBS188",47.33219,-59.90564,"Atlantic cod"
"699","SABMPA-MPA-SAB-0055",3,34,0.0882352941176471,"CBS189",47.33666,-59.89684,"Atlantic cod"
"700","SABMPA-MPA-SAB-0055",1,34,0.0294117647058824,"CBS191",47.34477,-59.87942,"Atlantic cod"
"701","SABMPA-MPA-SAB-0055",1,34,0.0294117647058824,"N111",46.20018,-59.15327,"Atlantic cod"
"702","SABMPA-MPA-SAB-0055",1,34,0.0294117647058824,"N119",46.23071,-59.05889,"Atlantic cod"
"703","SABMPA-MPA-SAB-0055",1,34,0.0294117647058824,"N121",46.23849,-59.03591,"Atlantic cod"
"704","SABMPA-MPA-SAB-0055",2,34,0.0588235294117647,"N123",46.2466,-59.012245,"Atlantic cod"
"705","SABMPA-MPA-SAB-0055",1,34,0.0294117647058824,"S101",46.02183,-59.09836,"Atlantic cod"
"706","SABMPA-MPA-SAB-0055",1,34,0.0294117647058824,"S102",46.02143,-59.08513,"Atlantic cod"
"707","SABMPA-MPA-SAB-0055",1,34,0.0294117647058824,"S105",46.02091,-59.04642,"Atlantic cod"
"708","SABMPA-MPA-SAB-0055",1,34,0.0294117647058824,"S106",46.02219,-59.03353,"Atlantic cod"
"709","SABMPA-MPA-SAB-0055",1,34,0.0294117647058824,"S116",46.02187,-58.90431,"Atlantic cod"
"710","SABMPA-MPA-SAB-0055",1,34,0.0294117647058824,"S117",46.0218,-58.89138,"Atlantic cod"
"711","SABMPA-MPA-SAB-0055",1,34,0.0294117647058824,"S119",46.021625,-58.86491,"Atlantic cod"
"712","SABMPA-MPA-SAB-0055",1,34,0.0294117647058824,"S120",46.02172,-58.85229,"Atlantic cod"
"713","SABMPA-MPA-SAB-0055",1,34,0.0294117647058824,"S121",46.02185,-58.839585,"Atlantic cod"
"714","SABMPA-MPA-SAB-0055",1,34,0.0294117647058824,"V2LSCF-N19",46.23439,-59.04727,"Atlantic cod"
"715","SABMPA-MPA-SAB-0057",1,3,0.333333333333333,"GDL-WG-106_20191120-314385",46.49311,-60.11964,"Atlantic cod"
"716","SABMPA-MPA-SAB-0057",1,3,0.333333333333333,"GDL-WG-106_20191120-314433",46.49348,-60.12086,"Atlantic cod"
"717","SABMPA-MPA-SAB-0057",1,3,0.333333333333333,"GDL-WG-106_20191120-314676",46.49339,-60.12056,"Atlantic cod"
"718","SABMPA-MPA-SAB-0057",1,3,0.333333333333333,"GDL-WG-106_20191120-314688",46.49368,-60.12149,"Atlantic cod"
"719","SABMPA-MPA-SAB-0057",1,3,0.333333333333333,"GDL-WG-106_20191120-314772",46.4932,-60.11995,"Atlantic cod"
"720","SABMPA-MPA-SAB-0057",1,3,0.333333333333333,"GDL-WG-106_20191120-314802",46.49329,-60.12026,"Atlantic cod"
"721","SABMPA-MPA-SAB-0057",2,3,0.666666666666667,"V2LSCF-N4",46.18905,-59.18804,"Atlantic cod"
"722","SABMPA-MPA-SAB-0058",1,4,0.25,"N23",46.16175,-59.27114,"Atlantic cod"
"723","SABMPA-MPA-SAB-0058",1,4,0.25,"S109",46.02182,-58.99478,"Atlantic cod"
"724","SABMPA-MPA-SAB-0058",1,4,0.25,"S110",46.02162,-58.98206,"Atlantic cod"
"725","SABMPA-MPA-SAB-0058",1,4,0.25,"S117",46.0218,-58.89138,"Atlantic cod"
"726","SABMPA-MPA-SAB-0058",1,4,0.25,"S119",46.021625,-58.86491,"Atlantic cod"
"727","SABMPA-MPA-SAB-0058",1,4,0.25,"V2LSCF-N21",46.24191,-59.02366,"Atlantic cod"
"728","SABMPA-MPA-SAB-0059",5,7,0.714285714285714,"S101",46.02183,-59.09836,"Atlantic cod"
"729","SABMPA-MPA-SAB-0059",3,7,0.428571428571429,"S102",46.02143,-59.08513,"Atlantic cod"
"730","SABMPA-MPA-SAB-0059",4,7,0.571428571428571,"S103",46.02125,-59.07238,"Atlantic cod"
"731","SABMPA-MPA-SAB-0059",2,7,0.285714285714286,"S104",46.02141,-59.05982,"Atlantic cod"
"732","SABMPA-MPA-SAB-0059",2,7,0.285714285714286,"S105",46.02091,-59.04642,"Atlantic cod"
"733","SABMPA-MPA-SAB-0059",1,7,0.142857142857143,"S107",46.02177,-59.02082,"Atlantic cod"
"734","SABMPA-MPA-SAB-0060",1,2,0.5,"GDL-WG-106_20191120-314397",46.50927,-60.08548,"Atlantic cod"
"735","SABMPA-MPA-SAB-0060",1,2,0.5,"GDL-WG-106_20191120-314429",46.50906,-60.0848,"Atlantic cod"
"736","SABMPA-MPA-SAB-0060",1,2,0.5,"GDL-WG-106_20191120-314434",46.50758,-60.07987,"Atlantic cod"
"737","SABMPA-MPA-SAB-0060",1,2,0.5,"GDL-WG-106_20191120-314526",46.50826,-60.0822,"Atlantic cod"
"738","SABMPA-MPA-SAB-0060",1,2,0.5,"GDL-WG-106_20191120-314573",46.50837,-60.08256,"Atlantic cod"
"739","SABMPA-MPA-SAB-0060",1,2,0.5,"GDL-WG-106_20191120-314701",46.50888,-60.08424,"Atlantic cod"
"740","SABMPA-MPA-SAB-0060",1,2,0.5,"GDL-WG-106_20191120-314836",46.50801,-60.08134,"Atlantic cod"
"741","SABMPA-MPA-SAB-0060",1,2,0.5,"GDL-WG-106_20191120-314839",46.50879,-60.08392,"Atlantic cod"
"742","SABMPA-MPA-SAB-0060",1,2,0.5,"GDL-WG-106_20191120-314960",46.50868,-60.08357,"Atlantic cod"
"743","SABMPA-MPA-SAB-0060",1,2,0.5,"GDL-WG-106_20191120-314978",46.50855,-60.08315,"Atlantic cod"
"744","SABMPA-MPA-SAB-0060",1,2,0.5,"GDL-WG-106_20191120-315025",46.50783,-60.08074,"Atlantic cod"
"745","SABMPA-MPA-SAB-0060",1,2,0.5,"GDL-WG-106_20191120-315132",46.50814,-60.0818,"Atlantic cod"
"746","SABMPA-MPA-SAB-0060",1,2,0.5,"V2LSCF-N10",46.21153,-59.11819,"Atlantic cod"
"747","SABMPA-MPA-SAB-0060",1,2,0.5,"V2LSCF-N11",46.21582,-59.10623,"Atlantic cod"
"748","SABMPA-MPA-SAB-0063-2018-12-07",1,2,0.5,"CBS019",47.12068,-60.253105,"Atlantic cod"
"749","SABMPA-MPA-SAB-0063-2018-12-07",1,2,0.5,"CBS020",47.125925,-60.24565,"Atlantic cod"
"750","SABMPA-MPA-SAB-0063-2018-12-07",1,2,0.5,"CBS022",47.1360988709677,-60.2316470967742,"Atlantic cod"
"751","SABMPA-MPA-SAB-23-MOR-02-2023-10-05",6,9,0.666666666666667,"2021_010",45.988155,-59.212655,"Atlantic cod"
"752","SABMPA-MPA-SAB-23-MOR-02-2023-10-05",1,9,0.111111111111111,"2021_011",45.988005,-59.19898,"Atlantic cod"
"753","SABMPA-MPA-SAB-23-MOR-02-2023-10-05",2,9,0.222222222222222,"2021_013",45.98785,-59.170945,"Atlantic cod"
"754","SABMPA-MPA-SAB-23-MOR-03-2023-10-05",13,20,0.65,"2021_010",45.988155,-59.212655,"Atlantic cod"
"755","SABMPA-MPA-SAB-23-MOR-03-2023-10-05",3,20,0.15,"2021_011",45.988005,-59.19898,"Atlantic cod"
"756","SABMPA-MPA-SAB-23-MOR-03-2023-10-05",2,20,0.1,"2021_013",45.98785,-59.170945,"Atlantic cod"
"757","SABMPA-MPA-SAB-23-MOR-03-2023-10-05",1,20,0.05,"2021_014",45.98832,-59.15846,"Atlantic cod"
"758","SABMPA-MPA-SAB-23-MOR-03-2023-10-05",1,20,0.05,"CBS006",47.05733,-60.3491666666667,"Atlantic cod"
"759","SABMPA-MPA-SAB-23-MOR-03-2023-10-05",1,20,0.05,"CBS007",47.0620733333333,-60.34187,"Atlantic cod"
"760","SABMPA-MPA-SAB-23-MOR-03-2023-10-05",1,20,0.05,"CBS008",47.0670933333333,-60.33427,"Atlantic cod"
"761","SABMPA-MPA-SAB-23-MOR-03-2023-10-05",1,20,0.05,"CBS173",47.26992,-60.03535,"Atlantic cod"
"762","SABMPA-MPA-SAB-23-MOR-04-2023-10-05",1,36,0.0277777777777778,"2021_010",45.988155,-59.212655,"Atlantic cod"
"763","SABMPA-MPA-SAB-23-MOR-04-2023-10-05",31,36,0.861111111111111,"2021_011",45.988005,-59.19898,"Atlantic cod"
"764","SABMPA-MPA-SAB-23-MOR-04-2023-10-05",1,36,0.0277777777777778,"2021_016",45.988155,-59.13163,"Atlantic cod"
"765","SABMPA-MPA-SAB-23-MOR-04-2023-10-05",1,36,0.0277777777777778,"2021_017",45.988165,-59.1183,"Atlantic cod"
"766","SABMPA-MPA-SAB-23-MOR-04-2023-10-05",1,36,0.0277777777777778,"2021_025",45.9982,-59.01734,"Atlantic cod"
"767","SABMPA-MPA-SAB-23-MOR-04-2023-10-05",1,36,0.0277777777777778,"2021_036",46.05302,-58.89495,"Atlantic cod"
"768","SABMPA-MPA-SAB-23-MOR-04-2023-10-05",1,36,0.0277777777777778,"2021_037",46.057845,-58.88393,"Atlantic cod"
"769","SABMPA-MPA-SAB-23-MOR-04-2023-10-05",1,36,0.0277777777777778,"2021_041",46.077135,-58.840255,"Atlantic cod"
"770","SABMPA-MPA-SAB-23-MOR-04-2023-10-05",2,36,0.0555555555555556,"2021_046",46.10162,-58.7854333333333,"Atlantic cod"
"771","SABMPA-MPA-SAB-23-MOR-08-2023-10-06",1,4,0.25,"CBS009",47.07185,-60.32666,"Atlantic cod"
"772","SABMPA-MPA-SAB-23-MOR-08-2023-10-06",2,4,0.5,"CBS171",47.26106,-60.052545,"Atlantic cod"
"773","SABMPA-MPA-SAB-23-MOR-08-2023-10-06",1,4,0.25,"CBS172",47.265165,-60.044105,"Atlantic cod"
"774","SABMPA-MPA-SAB-23-MOR-08-2023-10-06",1,4,0.25,"GDL-SV3-1121-20240620T1000-8714753",46.83915,-59.84929,"Atlantic cod"
"775","SABMPA-MPA-SAB-23-MOR-08-2023-10-06",1,4,0.25,"GDL-SV3-1121-20240620T1000-8714754",46.84084,-59.85233,"Atlantic cod"
"776","SABMPA-MPA-SAB-23-MOR-08-2023-10-06",1,4,0.25,"GDL-SV3-1121-20240620T1000-8714755",46.84122,-59.85302,"Atlantic cod"
"777","SABMPA-MPA-SAB-23-MOR-08-2023-10-06",1,4,0.25,"GDL-SV3-1121-20240620T1000-8714756",46.84236,-59.85512,"Atlantic cod"
"778","SABMPA-MPA-SAB-23-MOR-08-2023-10-06",1,4,0.25,"GDL-SV3-1121-20240620T1000-8714757",46.84281,-59.85594,"Atlantic cod"
"779","SABMPA-MPA-SAB-23-MOR-08-2023-10-06",1,4,0.25,"GDL-SV3-1121-20240620T1000-8714758",46.84341,-59.85701,"Atlantic cod"
"780","SABMPA-MPA-SAB-23-MOR-10-2023-10-06",1,12,0.0833333333333333,"2021_003",45.987995,-59.307525,"Atlantic cod"
"781","SABMPA-MPA-SAB-23-MOR-10-2023-10-06",1,12,0.0833333333333333,"2021_004",45.987755,-59.294005,"Atlantic cod"
"782","SABMPA-MPA-SAB-23-MOR-10-2023-10-06",1,12,0.0833333333333333,"2021_005",45.987845,-59.280265,"Atlantic cod"
"783","SABMPA-MPA-SAB-23-MOR-10-2023-10-06",1,12,0.0833333333333333,"CBS004",47.04741,-60.36336,"Atlantic cod"
"784","SABMPA-MPA-SAB-23-MOR-10-2023-10-06",1,12,0.0833333333333333,"CBS006",47.05733,-60.3491666666667,"Atlantic cod"
"785","SABMPA-MPA-SAB-23-MOR-10-2023-10-06",1,12,0.0833333333333333,"CBS007",47.0620733333333,-60.34187,"Atlantic cod"
"786","SABMPA-MPA-SAB-23-MOR-10-2023-10-06",1,12,0.0833333333333333,"CBS008",47.0670933333333,-60.33427,"Atlantic cod"
"787","SABMPA-MPA-SAB-23-MOR-10-2023-10-06",7,12,0.583333333333333,"CBS011",47.08169,-60.31219,"Atlantic cod"
"788","SABMPA-MPA-SAB-23-MOR-10-2023-10-06",6,12,0.5,"CBS012",47.08672,-60.30506,"Atlantic cod"
"789","SABMPA-MPA-SAB-23-MOR-10-2023-10-06",1,12,0.0833333333333333,"NE1_2023",46.60505,-60.1632,"Atlantic cod"
"790","SABMPA-MPA-SAB-23-MOR-10-2023-10-06",1,12,0.0833333333333333,"NW1_2023",46.60766,-60.17851,"Atlantic cod"
"791","SABMPA-MPA-SAB-23-MOR-11-2023-10-06",1,3,0.333333333333333,"CBS005",47.0525233333333,-60.3565033333333,"Atlantic cod"
"792","SABMPA-MPA-SAB-23-MOR-11-2023-10-06",2,3,0.666666666666667,"CBS006",47.05733,-60.3491666666667,"Atlantic cod"
"793","SABMPA-MPA-SAB-23-MOR-11-2023-10-06",1,3,0.333333333333333,"NE2_2023",46.59848,-60.16681,"Atlantic cod"
"794","SABMPA-MPA-SAB-23-MOR-11-2023-10-06",1,3,0.333333333333333,"NE3_2023",46.5919,-60.17117,"Atlantic cod"
"795","SABMPA-MPA-SAB-23-MOR-16-2023-10-06",1,2,0.5,"2021_001",45.98803,-59.3335,"Atlantic cod"
"796","SABMPA-MPA-SAB-23-MOR-16-2023-10-06",1,2,0.5,"2021_003",45.987995,-59.307525,"Atlantic cod"
"797","SABMPA-MPA-SAB-23-MOR-16-2023-10-06",2,2,1,"2021_004",45.987755,-59.294005,"Atlantic cod"
"798","SABMPA-MPA-SAB-23-MOR-16-2023-10-06",1,2,0.5,"2021_005",45.987845,-59.280265,"Atlantic cod"
"799","SABMPA-MPA-SAB-23-MOR-16-2023-10-06",1,2,0.5,"2021_006",45.98797,-59.266395,"Atlantic cod"
"800","SABMPA-MPA-SAB-23-MOR-17-2023-10-06",1,3,0.333333333333333,"2021_006",45.98797,-59.266395,"Atlantic cod"
"801","SABMPA-MPA-SAB-23-MOR-17-2023-10-06",2,3,0.666666666666667,"2021_007",45.9883,-59.25373,"Atlantic cod"
"802","SABMPA-MPA-SAB-23-MOR-17-2023-10-06",1,3,0.333333333333333,"2021_008",45.988065,-59.240125,"Atlantic cod"
"803","SABMPA-MPA-SAB-23-MOR-17-2023-10-06",1,3,0.333333333333333,"2021_016",45.988155,-59.13163,"Atlantic cod"
"804","SABMPA-MPA-SAB-23-MOR-17-2023-10-06",1,3,0.333333333333333,"2021_017",45.988165,-59.1183,"Atlantic cod"
"805","SABMPA-MPA-SAB-23-MOR-19-2023-10-06",1,3,0.333333333333333,"2021_006",45.98797,-59.266395,"Atlantic cod"
"806","SABMPA-MPA-SAB-23-MOR-19-2023-10-06",2,3,0.666666666666667,"2021_007",45.9883,-59.25373,"Atlantic cod"
"807","SABMPA-MPA-SAB-23-MOR-19-2023-10-06",1,3,0.333333333333333,"2021_008",45.988065,-59.240125,"Atlantic cod"
"808","SABMPA-MPA-SAB-23-MOR-19-2023-10-06",1,3,0.333333333333333,"2021_018",45.988405,-59.10551,"Atlantic cod"
"809","SABMPA-MPA-SAB-23-MOR-19-2023-10-06",1,3,0.333333333333333,"2021_023",45.98817,-59.038645,"Atlantic cod"
"810","SABMPA-MPA-SAB-23-MOR-28-2023-10-06",1,3,0.333333333333333,"2021_016",45.988155,-59.13163,"Atlantic cod"
"811","SABMPA-MPA-SAB-23-MOR-28-2023-10-06",2,3,0.666666666666667,"2021_017",45.988165,-59.1183,"Atlantic cod"
"812","SABMPA-MPA-SAB-23-MOR-28-2023-10-06",1,3,0.333333333333333,"2021_018",45.988405,-59.10551,"Atlantic cod"
"813","SABMPA-MPA-SAB-23-MOR-28-2023-10-06",1,3,0.333333333333333,"2021_019",45.988395,-59.091945,"Atlantic cod"
"814","SABMPA-MPA-SAB-23-MOR-28-2023-10-06",1,3,0.333333333333333,"2021_020",45.988425,-59.0789,"Atlantic cod"
"815","SABMPA-MPA-SAB-23-MOR-30-2023-11-26",2,16,0.125,"2021_001",45.98803,-59.3335,"Atlantic cod"
"816","SABMPA-MPA-SAB-23-MOR-30-2023-11-26",1,16,0.0625,"2021_003",45.987995,-59.307525,"Atlantic cod"
"817","SABMPA-MPA-SAB-23-MOR-30-2023-11-26",1,16,0.0625,"2021_006",45.98797,-59.266395,"Atlantic cod"
"818","SABMPA-MPA-SAB-23-MOR-30-2023-11-26",1,16,0.0625,"2021_007",45.9883,-59.25373,"Atlantic cod"
"819","SABMPA-MPA-SAB-23-MOR-30-2023-11-26",1,16,0.0625,"2021_038",46.062915,-58.872715,"Atlantic cod"
"820","SABMPA-MPA-SAB-23-MOR-30-2023-11-26",1,16,0.0625,"2021_039",46.067705,-58.86203,"Atlantic cod"
"821","SABMPA-MPA-SAB-23-MOR-30-2023-11-26",1,16,0.0625,"2021_046",46.10162,-58.7854333333333,"Atlantic cod"
"822","SABMPA-MPA-SAB-23-MOR-30-2023-11-26",3,16,0.1875,"CBS004",47.04741,-60.36336,"Atlantic cod"
"823","SABMPA-MPA-SAB-23-MOR-30-2023-11-26",1,16,0.0625,"CBS005",47.0525233333333,-60.3565033333333,"Atlantic cod"
"824","SABMPA-MPA-SAB-23-MOR-30-2023-11-26",2,16,0.125,"CBS006",47.05733,-60.3491666666667,"Atlantic cod"
"825","SABMPA-MPA-SAB-23-MOR-30-2023-11-26",1,16,0.0625,"CBS007",47.0620733333333,-60.34187,"Atlantic cod"
"826","SABMPA-MPA-SAB-23-MOR-30-2023-11-26",1,16,0.0625,"CBS008",47.0670933333333,-60.33427,"Atlantic cod"
"827","SABMPA-MPA-SAB-23-MOR-30-2023-11-26",2,16,0.125,"NE5_2023",46.57858,-60.17877,"Atlantic cod"
"828","SABMPA-MPA-SAB-23-MOR-30-2023-11-26",2,16,0.125,"NE6_2023",46.57185,-60.1826,"Atlantic cod"
"829","SABMPA-MPA-SAB-23-MOR-30-2023-11-26",1,16,0.0625,"NE7_2023",46.56523,-60.18697,"Atlantic cod"
"830","SABMPA-MPA-SAB-23-MOR-30-2023-11-26",1,16,0.0625,"NW1_2023",46.60766,-60.17851,"Atlantic cod"
"831","SABMPA-MPA-SAB-23-MOR-30-2023-11-26",1,16,0.0625,"NW5_2023",46.57991,-60.19462,"Atlantic cod"
"832","SABMPA-MPA-SAB-23-MOR-30-2023-11-26",3,16,0.1875,"NW6_2023",46.57295,-60.19791,"Atlantic cod"
"833","SABMPA-MPA-SAB-23-MOR-30-2023-11-26",3,16,0.1875,"NW7_2023",46.56602,-60.20117,"Atlantic cod"
"834","SABMPA-MPA-SAB-23-MOR-30-2023-11-26",1,16,0.0625,"S11_2023",46.55769,-60.19543,"Atlantic cod"
"835","SABMPA-MPA-SAB-23-MOR-30-2023-11-26",1,16,0.0625,"S12_2023",46.55973,-60.19431,"Atlantic cod"
"836","SABMPA-MPA-SAB-23-MOR-30-2023-11-26",1,16,0.0625,"S14_2023",46.55597,-60.19287,"Atlantic cod"
"837","SABMPA-MPA-SAB-23-MOR-30-2023-11-26",1,16,0.0625,"S15_2023",46.55821,-60.19208,"Atlantic cod"
"838","SABMPA-MPA-SAB-23-MOR-30-2023-11-26",1,16,0.0625,"S16_2023",46.56026,-60.19088,"Atlantic cod"
"839","SABMPA-MPA-SAB-23-MOR-30-2023-11-26",1,16,0.0625,"S4_2023",46.56143,-60.19655,"Atlantic cod"
"840","SABMPA-MPA-SAB-23-MOR-30-2023-11-26",1,16,0.0625,"S5_2023",46.55449,-60.20271,"Atlantic cod"
"841","SABMPA-MPA-SAB-23-MOR-30-2023-11-26",1,16,0.0625,"SE2_2023",46.54097,-60.19756,"Atlantic cod"
"842","SABMPA-MPA-SAB-23-MOR-30-2023-11-26",1,16,0.0625,"SE3_2023",46.53424,-60.20047,"Atlantic cod"
"843","SABMPA-MPA-SAB-23-MOR-36-2023-11-26",1,3,0.333333333333333,"NE7_2023",46.56523,-60.18697,"Atlantic cod"
"844","SABMPA-MPA-SAB-23-MOR-36-2023-11-26",1,3,0.333333333333333,"NW7_2023",46.56602,-60.20117,"Atlantic cod"
"845","SABMPA-MPA-SAB-23-MOR-36-2023-11-26",1,3,0.333333333333333,"S10_2023",46.55547,-60.1962,"Atlantic cod"
"846","SABMPA-MPA-SAB-23-MOR-36-2023-11-26",1,3,0.333333333333333,"S12_2023",46.55973,-60.19431,"Atlantic cod"
"847","SABMPA-MPA-SAB-23-MOR-36-2023-11-26",1,3,0.333333333333333,"S13_2023",46.5538,-60.19373,"Atlantic cod"
"848","SABMPA-MPA-SAB-23-MOR-36-2023-11-26",1,3,0.333333333333333,"S16_2023",46.56026,-60.19088,"Atlantic cod"
"849","SABMPA-MPA-SAB-23-MOR-36-2023-11-26",1,3,0.333333333333333,"S1_2023",46.55484,-60.19926,"Atlantic cod"
"850","SABMPA-MPA-SAB-23-MOR-36-2023-11-26",1,3,0.333333333333333,"S2_2023",46.55707,-60.19834,"Atlantic cod"
"851","SABMPA-MPA-SAB-23-MOR-36-2023-11-26",1,3,0.333333333333333,"S4_2023",46.56143,-60.19655,"Atlantic cod"
"852","SABMPA-MPA-SAB-23-MOR-36-2023-11-26",1,3,0.333333333333333,"S5_2023",46.55449,-60.20271,"Atlantic cod"
"853","SABMPA-MPA-SAB-23-MOR-36-2023-11-26",1,3,0.333333333333333,"S6_2023",46.55643,-60.20162,"Atlantic cod"
"854","SABMPA-MPA-SAB-23-MOR-36-2023-11-26",1,3,0.333333333333333,"S9_2023",46.55328,-60.19691,"Atlantic cod"
"855","SABMPA-MPA-SAB-23-MOR-36-2023-11-26",1,3,0.333333333333333,"SE1_2023",46.54806,-60.19518,"Atlantic cod"
"856","SABMPA-MPA-SAB-23-MOR-36-2023-11-26",1,3,0.333333333333333,"SE2_2023",46.54097,-60.19756,"Atlantic cod"
"857","SABMPA-MPA-SAB-23-MOR-36-2023-11-26",1,3,0.333333333333333,"SE4_2023",46.52708,-60.20397,"Atlantic cod"
"858","SABMPA-MPA-SAB-23-MOR-36-2023-11-26",1,3,0.333333333333333,"SE5_2023",46.52039,-60.20755,"Atlantic cod"
"859","SABMPA-MPA-SAB-23-MOR-37-2023-11-26",1,8,0.125,"CBS171",47.26106,-60.052545,"Atlantic cod"
"860","SABMPA-MPA-SAB-23-MOR-37-2023-11-26",1,8,0.125,"CBS172",47.265165,-60.044105,"Atlantic cod"
"861","SABMPA-MPA-SAB-23-MOR-37-2023-11-26",3,8,0.375,"CBS173",47.26992,-60.03535,"Atlantic cod"
"862","SABMPA-MPA-SAB-23-MOR-37-2023-11-26",2,8,0.25,"CBS175",47.277985,-60.01752,"Atlantic cod"
"863","SABMPA-MPA-SAB-23-MOR-37-2023-11-26",3,8,0.375,"CBS176",47.281745,-60.006605,"Atlantic cod"
"864","SABMPA-MPA-SAB-23-MOR-37-2023-11-26",2,8,0.25,"CBS177",47.28623,-60.0006,"Atlantic cod"
"865","SABMPA-MPA-SAB-23-MOR-39-2023-11-26",1,2,0.5,"NE1_2023",46.60505,-60.1632,"Atlantic cod"
"866","SABMPA-MPA-SAB-23-MOR-39-2023-11-26",1,2,0.5,"NE2_2023",46.59848,-60.16681,"Atlantic cod"
"867","SABMPA-MPA-SAB-23-MOR-39-2023-11-26",1,2,0.5,"NW2_2023",46.60051,-60.18245,"Atlantic cod"
"868","SABMPA-MPA-SAB-23-MOR-39-2023-11-26",1,2,0.5,"NW5_2023",46.57991,-60.19462,"Atlantic cod"
"869","SABMPA-MPA-SAB-23-MOR-39-2023-11-26",1,2,0.5,"NW6_2023",46.57295,-60.19791,"Atlantic cod"
"870","SABMPA-MPA-SAB-23-MOR-40-2023-11-26",1,1,1,"2021_016",45.988155,-59.13163,"Atlantic cod"
"871","SABMPA-MPA-SAB-23-MOR-40-2023-11-26",1,1,1,"2021_017",45.988165,-59.1183,"Atlantic cod"
"872","SABMPA-MPA-SAB-23-MOR-41-2023-11-26",1,1,1,"2021_019",45.988395,-59.091945,"Atlantic cod"
"873","SABMPA-MPA-SAB-23-MOR-41-2023-11-26",1,1,1,"2021_020",45.988425,-59.0789,"Atlantic cod"
"874","SABMPA-MPA-SAB-23-MOR-54-2023-11-26",1,1,1,"2021_001",45.98803,-59.3335,"Atlantic cod"
"875","SABMPA-MPA-SAB-23-MOR-57-2023-11-26",1,2,0.5,"2021_003",45.987995,-59.307525,"Atlantic cod"
"876","SABMPA-MPA-SAB-23-MOR-57-2023-11-26",1,2,0.5,"2021_016",45.988155,-59.13163,"Atlantic cod"
"877","SABMPA-MPA-SAB-23-MOR-58-2023-11-26",1,6,0.166666666666667,"2021_006",45.98797,-59.266395,"Atlantic cod"
"878","SABMPA-MPA-SAB-23-MOR-58-2023-11-26",1,6,0.166666666666667,"2021_007",45.9883,-59.25373,"Atlantic cod"
"879","SABMPA-MPA-SAB-23-MOR-58-2023-11-26",1,6,0.166666666666667,"2021_008",45.988065,-59.240125,"Atlantic cod"
"880","SABMPA-MPA-SAB-23-MOR-58-2023-11-26",2,6,0.333333333333333,"CBS003",47.042375,-60.37108,"Atlantic cod"
"881","SABMPA-MPA-SAB-23-MOR-58-2023-11-26",2,6,0.333333333333333,"CBS004",47.04741,-60.36336,"Atlantic cod"
"882","SABMPA-MPA-SAB-23-MOR-58-2023-11-26",1,6,0.166666666666667,"CBS008",47.0670933333333,-60.33427,"Atlantic cod"
"883","SABMPA-MPA-SAB-23-MOR-58-2023-11-26",1,6,0.166666666666667,"CBS009",47.07185,-60.32666,"Atlantic cod"
"884","SABMPA-MPA-SAB-23-MOR-58-2023-11-26",1,6,0.166666666666667,"CBS014",47.0963933333333,-60.2902533333333,"Atlantic cod"
"885","SABMPA-MPA-SAB-23-MOR-58-2023-11-26",1,6,0.166666666666667,"CBS015",47.101365,-60.28269,"Atlantic cod"
"886","SABMPA-MPA-SAB-23-MOR-59-2023-11-26",1,1,1,"CBS005",47.0525233333333,-60.3565033333333,"Atlantic cod"
"887","SABMPA-MPA-SAB-23-MOR-59-2023-11-26",1,1,1,"CBS006",47.05733,-60.3491666666667,"Atlantic cod"
"888","SABMPA-MPA-SAB-23-MOR-60-2023-11-26",1,7,0.142857142857143,"2021_013",45.98785,-59.170945,"Atlantic cod"
"889","SABMPA-MPA-SAB-23-MOR-60-2023-11-26",1,7,0.142857142857143,"2021_029",46.01813,-58.97297,"Atlantic cod"
"890","SABMPA-MPA-SAB-23-MOR-60-2023-11-26",1,7,0.142857142857143,"CABOT NORD",48.04083,-61.16233,"Atlantic cod"
"891","SABMPA-MPA-SAB-23-MOR-60-2023-11-26",1,7,0.142857142857143,"CBS003",47.042375,-60.37108,"Atlantic cod"
"892","SABMPA-MPA-SAB-23-MOR-60-2023-11-26",1,7,0.142857142857143,"CBS004",47.04741,-60.36336,"Atlantic cod"
"893","SABMPA-MPA-SAB-23-MOR-60-2023-11-26",1,7,0.142857142857143,"NE1_2023",46.60505,-60.1632,"Atlantic cod"
"894","SABMPA-MPA-SAB-23-MOR-60-2023-11-26",1,7,0.142857142857143,"NE2_2023",46.59848,-60.16681,"Atlantic cod"
"895","SABMPA-MPA-SAB-23-MOR-60-2023-11-26",1,7,0.142857142857143,"NW1_2023",46.60766,-60.17851,"Atlantic cod"
"896","SABMPA-MPA-SAB-23-MOR-60-2023-11-26",1,7,0.142857142857143,"NW2_2023",46.60051,-60.18245,"Atlantic cod"
"897","SABMPA-MPA-SAB-23-MOR-60-2023-11-26",1,7,0.142857142857143,"S10_2023",46.55547,-60.1962,"Atlantic cod"
"898","SABMPA-MPA-SAB-23-MOR-60-2023-11-26",1,7,0.142857142857143,"S11_2023",46.55769,-60.19543,"Atlantic cod"
"899","SABMPA-MPA-SAB-23-MOR-60-2023-11-26",1,7,0.142857142857143,"S12_2023",46.55973,-60.19431,"Atlantic cod"
"900","SABMPA-MPA-SAB-23-MOR-60-2023-11-26",1,7,0.142857142857143,"S13_2023",46.5538,-60.19373,"Atlantic cod"
"901","SABMPA-MPA-SAB-23-MOR-60-2023-11-26",1,7,0.142857142857143,"S14_2023",46.55597,-60.19287,"Atlantic cod"
"902","SABMPA-MPA-SAB-23-MOR-60-2023-11-26",1,7,0.142857142857143,"S15_2023",46.55821,-60.19208,"Atlantic cod"
"903","SABMPA-MPA-SAB-23-MOR-60-2023-11-26",1,7,0.142857142857143,"S16_2023",46.56026,-60.19088,"Atlantic cod"
"904","SABMPA-MPA-SAB-23-MOR-60-2023-11-26",1,7,0.142857142857143,"S1_2023",46.55484,-60.19926,"Atlantic cod"
"905","SABMPA-MPA-SAB-23-MOR-60-2023-11-26",1,7,0.142857142857143,"S2_2023",46.55707,-60.19834,"Atlantic cod"
"906","SABMPA-MPA-SAB-23-MOR-60-2023-11-26",1,7,0.142857142857143,"S5_2023",46.55449,-60.20271,"Atlantic cod"
"907","SABMPA-MPA-SAB-23-MOR-60-2023-11-26",1,7,0.142857142857143,"S6_2023",46.55643,-60.20162,"Atlantic cod"
"908","SABMPA-MPA-SAB-23-MOR-60-2023-11-26",1,7,0.142857142857143,"S8_2023",46.56097,-60.19974,"Atlantic cod"
"909","SABMPA-MPA-SAB-23-MOR-60-2023-11-26",1,7,0.142857142857143,"S9_2023",46.55328,-60.19691,"Atlantic cod"
"910","SABMPA-MPA-SAB-23-MOR-61-2023-11-26",1,3,0.333333333333333,"2021_040",46.072565,-58.85077,"Atlantic cod"
"911","SABMPA-MPA-SAB-23-MOR-61-2023-11-26",1,3,0.333333333333333,"2021_043",46.08707,-58.81793,"Atlantic cod"
"912","SABMPA-MPA-SAB-23-MOR-61-2023-11-26",1,3,0.333333333333333,"CBS012",47.08672,-60.30506,"Atlantic cod"
"913","SABMPA-MPA-SAB-23-MOR-61-2023-11-26",1,3,0.333333333333333,"CBS013",47.091565,-60.297495,"Atlantic cod"
"914","SABMPA-MPA-SAB-23-MOR-64-2023-11-26",3,4,0.75,"2021_017",45.988165,-59.1183,"Atlantic cod"
"915","SABMPA-MPA-SAB-23-MOR-64-2023-11-26",1,4,0.25,"2021_018",45.988405,-59.10551,"Atlantic cod"
"916","SABMPA-MPA-SAB-23-MOR-64-2023-11-26",1,4,0.25,"2021_019",45.988395,-59.091945,"Atlantic cod"
"917","SABMPA-MPA-SAB-23-MOR-64-2023-11-26",1,4,0.25,"2021_023",45.98817,-59.038645,"Atlantic cod"
"918","SABMPA-MPA-SAB-23-MOR-66-2023-11-26",1,1,1,"SCATARIE-5",46.005955,-59.68526,"Atlantic cod"
"919","SABMPA-MPA-SAB-23-MOR-67-2023-11-26",1,2,0.5,"2021_046",46.10162,-58.7854333333333,"Atlantic cod"
"920","SABMPA-MPA-SAB-23-MOR-67-2023-11-26",1,2,0.5,"CBS023",47.14098,-60.22394,"Atlantic cod"
"921","SABMPA-MPA-SAB-24-MOR-02-2024-12-04",1,7,0.142857142857143,"CBS004",47.04741,-60.36336,"Atlantic cod"
"922","SABMPA-MPA-SAB-24-MOR-02-2024-12-04",1,7,0.142857142857143,"CBS005",47.0525233333333,-60.3565033333333,"Atlantic cod"
"923","SABMPA-MPA-SAB-24-MOR-02-2024-12-04",1,7,0.142857142857143,"CBS006",47.05733,-60.3491666666667,"Atlantic cod"
"924","SABMPA-MPA-SAB-24-MOR-02-2024-12-04",1,7,0.142857142857143,"CBS007",47.0620733333333,-60.34187,"Atlantic cod"
"925","SABMPA-MPA-SAB-24-MOR-02-2024-12-04",1,7,0.142857142857143,"CBS008",47.0670933333333,-60.33427,"Atlantic cod"
"926","SABMPA-MPA-SAB-24-MOR-02-2024-12-04",1,7,0.142857142857143,"CBS171",47.26106,-60.052545,"Atlantic cod"
"927","SABMPA-MPA-SAB-24-MOR-02-2024-12-04",1,7,0.142857142857143,"CBS172",47.265165,-60.044105,"Atlantic cod"
"928","SABMPA-MPA-SAB-24-MOR-02-2024-12-04",3,7,0.428571428571429,"CBS173",47.26992,-60.03535,"Atlantic cod"
"929","SABMPA-MPA-SAB-24-MOR-02-2024-12-04",4,7,0.571428571428571,"CBS175",47.277985,-60.01752,"Atlantic cod"
"930","SABMPA-MPA-SAB-24-MOR-02-2024-12-04",1,7,0.142857142857143,"CBS176",47.281745,-60.006605,"Atlantic cod"
"931","SABMPA-MPA-SAB-24-MOR-05-2024-12-04",2,3,0.666666666666667,"CBS003",47.042375,-60.37108,"Atlantic cod"
"932","SABMPA-MPA-SAB-24-MOR-05-2024-12-04",2,3,0.666666666666667,"CBS004",47.04741,-60.36336,"Atlantic cod"
"933","SABMPA-MPA-SAB-24-MOR-12-2024-12-04",1,2,0.5,"CBS172",47.265165,-60.044105,"Atlantic cod"
"934","SABMPA-MPA-SAB-24-MOR-12-2024-12-04",1,2,0.5,"CBS175",47.277985,-60.01752,"Atlantic cod"
"935","SABMPA-MPA-SAB-24-MOR-13-2024-12-04",1,2,0.5,"CBS007",47.0620733333333,-60.34187,"Atlantic cod"
"936","SABMPA-MPA-SAB-24-MOR-13-2024-12-04",2,2,1,"CBS008",47.0670933333333,-60.33427,"Atlantic cod"
"937","SABMPA-MPA-SAB-24-MOR-13-2024-12-04",1,2,0.5,"CBS009",47.07185,-60.32666,"Atlantic cod"
"938","SABMPA-MPA-SAB-24-MOR-14-2024-12-04",1,2,0.5,"CBS005",47.0525233333333,-60.3565033333333,"Atlantic cod"
"939","SABMPA-MPA-SAB-24-MOR-14-2024-12-04",1,2,0.5,"CBS006",47.05733,-60.3491666666667,"Atlantic cod"
"940","SABMPA-MPA-SAB-24-MOR-14-2024-12-04",1,2,0.5,"CBS009",47.07185,-60.32666,"Atlantic cod"
"941","SABMPA-MPA-SAB-24-MOR-14-2024-12-04",1,2,0.5,"CBS010",47.07708,-60.319725,"Atlantic cod"
"942","SABMPA-MPA-SAB-24-MOR-18-2024-12-04",1,5,0.2,"NE3_2023",46.5919,-60.17117,"Atlantic cod"
"943","SABMPA-MPA-SAB-24-MOR-18-2024-12-04",1,5,0.2,"NE6_2023",46.57185,-60.1826,"Atlantic cod"
"944","SABMPA-MPA-SAB-24-MOR-18-2024-12-04",3,5,0.6,"NE7_2023",46.56523,-60.18697,"Atlantic cod"
"945","SABMPA-MPA-SAB-24-MOR-18-2024-12-04",2,5,0.4,"NW1_2023",46.60766,-60.17851,"Atlantic cod"
"946","SABMPA-MPA-SAB-24-MOR-18-2024-12-04",1,5,0.2,"NW2_2023",46.60051,-60.18245,"Atlantic cod"
"947","SABMPA-MPA-SAB-24-MOR-18-2024-12-04",1,5,0.2,"NW6_2023",46.57295,-60.19791,"Atlantic cod"
"948","SABMPA-MPA-SAB-24-MOR-21-2024-12-04",1,1,1,"NE1_2023",46.60505,-60.1632,"Atlantic cod"
"949","SABMPA-MPA-SAB-24-MOR-21-2024-12-04",1,1,1,"NE3_2023",46.5919,-60.17117,"Atlantic cod"
"950","SABMPA-MPA-SAB-24-MOR-21-2024-12-04",1,1,1,"NE5_2023",46.57858,-60.17877,"Atlantic cod"
"951","SABMPA-MPA-SAB-24-MOR-21-2024-12-04",1,1,1,"NE6_2023",46.57185,-60.1826,"Atlantic cod"
"952","SABMPA-MPA-SAB-24-MOR-21-2024-12-04",1,1,1,"NW1_2023",46.60766,-60.17851,"Atlantic cod"
"953","SABMPA-MPA-SAB-24-MOR-21-2024-12-04",1,1,1,"NW6_2023",46.57295,-60.19791,"Atlantic cod"
"954","SABMPA-MPA-SAB-24-MOR-26-2024-12-04",1,3,0.333333333333333,"CBS004",47.04741,-60.36336,"Atlantic cod"
"955","SABMPA-MPA-SAB-24-MOR-26-2024-12-04",1,3,0.333333333333333,"CBS171",47.26106,-60.052545,"Atlantic cod"
"956","SABMPA-MPA-SAB-24-MOR-26-2024-12-04",1,3,0.333333333333333,"NW1_2023",46.60766,-60.17851,"Atlantic cod"
"957","SABMPA-MPA-SAB-24-MOR-26-2024-12-04",1,3,0.333333333333333,"NW2_2023",46.60051,-60.18245,"Atlantic cod"
"958","SABMPA-MPA-SAB-24-MOR-27-2024-12-04",2,8,0.25,"2021_046",46.10162,-58.7854333333333,"Atlantic cod"
"959","SABMPA-MPA-SAB-24-MOR-27-2024-12-04",1,8,0.125,"CBS172",47.265165,-60.044105,"Atlantic cod"
"960","SABMPA-MPA-SAB-24-MOR-27-2024-12-04",4,8,0.5,"CBS173",47.26992,-60.03535,"Atlantic cod"
"961","SABMPA-MPA-SAB-24-MOR-27-2024-12-04",3,8,0.375,"CBS175",47.277985,-60.01752,"Atlantic cod"
"962","SABMPA-MPA-SAB-24-MOR-30-2024-12-04",1,3,0.333333333333333,"CBS004",47.04741,-60.36336,"Atlantic cod"
"963","SABMPA-MPA-SAB-24-MOR-30-2024-12-04",1,3,0.333333333333333,"CBS023",47.14098,-60.22394,"Atlantic cod"
"964","SABMPA-MPA-SAB-24-MOR-30-2024-12-04",1,3,0.333333333333333,"CBS024",47.1461,-60.2165,"Atlantic cod"
"965","SABMPA-MPA-SAB-24-MOR-30-2024-12-04",1,3,0.333333333333333,"CBS025",47.150965,-60.209455,"Atlantic cod"
"966","SABMPA-1283877-2022-11-01",1,2,0.5,"2021_027",46.00848,-58.99497,"Atlantic halibut"
"967","SABMPA-1283877-2022-11-01",1,2,0.5,"GDL-SV3-1121-20230620T1500-8656998",46.38197,-59.41789,"Atlantic halibut"
"968","SABMPA-1283877-2022-11-01",1,2,0.5,"GDL-SV3-1121-20230620T1500-8656999",46.38399,-59.41796,"Atlantic halibut"
"969","SABMPA-1283877-2022-11-01",1,2,0.5,"GDL-SV3-1121-20230620T1500-8657000",46.38399,-59.41796,"Atlantic halibut"
"970","SABMPA-1283877-2022-11-01",1,2,0.5,"GDL-SV3-1121-20230620T1500-8657001",46.38399,-59.41796,"Atlantic halibut"
"971","SABMPA-1283877-2022-11-01",1,2,0.5,"GDL-SV3-1121-20230620T1500-8657002",46.39481,-59.43017,"Atlantic halibut"
"972","SABMPA-1283877-2022-11-01",1,2,0.5,"GDL-SV3-1121-20230620T1500-8657003",46.39481,-59.43017,"Atlantic halibut"
"973","SABMPA-1283877-2022-11-01",1,2,0.5,"GDL-SV3-1121-20230620T1500-8657004",46.39481,-59.43017,"Atlantic halibut"
"974","SABMPA-1283878-2022-11-01",1,1,1,"2021_017",45.988165,-59.1183,"Atlantic halibut"
"975","SABMPA-1283878-2022-11-01",1,1,1,"2021_018",45.988405,-59.10551,"Atlantic halibut"
"976","SABMPA-1283878-2022-11-01",1,1,1,"2021_019",45.98798,-59.09185,"Atlantic halibut"
"977","SABMPA-1283878-2022-11-01",1,1,1,"2021_020",45.988425,-59.0789,"Atlantic halibut"
"978","SABMPA-1283878-2022-11-01",1,1,1,"2021_021",45.98802,-59.06419,"Atlantic halibut"
"979","SABMPA-1283879-2022-11-01",1,1,1,"2021_001",45.987935601173,-59.3335,"Atlantic halibut"
"980","SABMPA-1283881-2022-11-01",2,8,0.25,"2021_001",45.987935601173,-59.3335,"Atlantic halibut"
"981","SABMPA-1283881-2022-11-01",4,8,0.5,"2021_003",45.987995,-59.307525,"Atlantic halibut"
"982","SABMPA-1283881-2022-11-01",1,8,0.125,"2021_004",45.987755,-59.294005,"Atlantic halibut"
"983","SABMPA-1283881-2022-11-01",1,8,0.125,"2021_007",45.9883,-59.25373,"Atlantic halibut"
"984","SABMPA-1283881-2022-11-01",1,8,0.125,"2021_013",45.98785,-59.170945,"Atlantic halibut"
"985","SABMPA-1283881-2022-11-01",1,8,0.125,"2021_017",45.988165,-59.1183,"Atlantic halibut"
"986","SABMPA-1283882-2022-11-01",1,6,0.166666666666667,"CBS024",47.1461,-60.2165,"Atlantic halibut"
"987","SABMPA-1283882-2022-11-01",1,6,0.166666666666667,"CBS025",47.15116,-60.2094,"Atlantic halibut"
"988","SABMPA-1283882-2022-11-01",1,6,0.166666666666667,"CBS029",47.1712,-60.18019,"Atlantic halibut"
"989","SABMPA-1283882-2022-11-01",1,6,0.166666666666667,"CBS171",47.26112,-60.0525,"Atlantic halibut"
"990","SABMPA-1283882-2022-11-01",1,6,0.166666666666667,"CBS172",47.26521,-60.04393,"Atlantic halibut"
"991","SABMPA-1283882-2022-11-01",1,6,0.166666666666667,"CBS216",47.44984,-59.66432,"Atlantic halibut"
"992","SABMPA-1283882-2022-11-01",1,6,0.166666666666667,"CBS218",47.45812,-59.64687,"Atlantic halibut"
"993","SABMPA-1283882-2022-11-01",1,6,0.166666666666667,"CBS225",47.48739,-59.58676,"Atlantic halibut"
"994","SABMPA-1283883-2022-11-01",1,1,1,"2021_003",45.987995,-59.307525,"Atlantic halibut"
"995","SABMPA-1283884-2022-11-01",1,5,0.2,"2021_001",45.987935601173,-59.3335,"Atlantic halibut"
"996","SABMPA-1283884-2022-11-01",1,5,0.2,"2021_013",45.98785,-59.170945,"Atlantic halibut"
"997","SABMPA-1283884-2022-11-01",1,5,0.2,"2021_016",45.988155,-59.13163,"Atlantic halibut"
"998","SABMPA-1283884-2022-11-01",2,5,0.4,"2021_022",45.988175,-59.05228,"Atlantic halibut"
"999","SABMPA-1283885-2022-11-01",1,1,1,"MR_24",44.7525,-62.02861,"Atlantic halibut"
"1000","SABMPA-1283886-2022-11-01",1,1,1,"2021_032",46.033125,-58.93974,"Atlantic halibut"
"1001","SABMPA-1283887-2022-11-01",1,1,1,"GDL-SV3-1121-20240620T1000-8714769",45.92198,-58.99774,"Atlantic halibut"
"1002","SABMPA-1283887-2022-11-01",1,1,1,"GDL-SV3-1121-20240620T1000-8714770",45.92077,-58.99788,"Atlantic halibut"
"1003","SABMPA-1283887-2022-11-01",1,1,1,"GDL-SV3-1121-20240620T1000-8714773",45.91963,-58.99801,"Atlantic halibut"
"1004","SABMPA-1283887-2022-11-01",1,1,1,"GDL-SV3-1121-20240620T1000-8714774",45.91865,-58.99812,"Atlantic halibut"
"1005","SABMPA-1283887-2022-11-01",1,1,1,"GDL-SV3-1121-20240620T1000-8714775",45.91794,-58.9982,"Atlantic halibut"
"1006","SABMPA-1283887-2022-11-01",1,1,1,"GDL-SV3-1121-20240620T1000-8714776",45.91702,-58.99831,"Atlantic halibut"
"1007","SABMPA-1283887-2022-11-01",1,1,1,"GDL-SV3-1121-20240620T1000-8714777",45.91642,-58.99838,"Atlantic halibut"
"1008","SABMPA-1283888-2022-11-01",1,1,1,"CBS007",47.06215,-60.34224,"Atlantic halibut"
"1009","SABMPA-1283889-2022-11-01",1,3,0.333333333333333,"2021_001",45.987935601173,-59.3335,"Atlantic halibut"
"1010","SABMPA-1283889-2022-11-01",1,3,0.333333333333333,"2021_026",46.00333,-59.00666,"Atlantic halibut"
"1011","SABMPA-1283889-2022-11-01",1,3,0.333333333333333,"2021_028",46.01304,-58.98382,"Atlantic halibut"
"1012","SABMPA-1283890-2022-11-01",1,2,0.5,"2021_001",45.987935601173,-59.3335,"Atlantic halibut"
"1013","SABMPA-1283890-2022-11-01",1,2,0.5,"2021_003",45.987995,-59.307525,"Atlantic halibut"
"1014","SABMPA-1283890-2022-11-01",1,2,0.5,"CBS017",47.11172,-60.26817,"Atlantic halibut"
"1015","SABMPA-1283890-2022-11-01",1,2,0.5,"CBS018",47.11636,-60.26049,"Atlantic halibut"
"1016","SABMPA-1283891-2022-11-01",5,32,0.15625,"2021_001",45.987935601173,-59.3335,"Atlantic halibut"
"1017","SABMPA-1283891-2022-11-01",13,32,0.40625,"2021_003",45.987995,-59.307525,"Atlantic halibut"
"1018","SABMPA-1283891-2022-11-01",9,32,0.28125,"2021_004",45.987755,-59.294005,"Atlantic halibut"
"1019","SABMPA-1283891-2022-11-01",4,32,0.125,"2021_005",45.987845,-59.280265,"Atlantic halibut"
"1020","SABMPA-1283891-2022-11-01",5,32,0.15625,"2021_008",45.988065,-59.240125,"Atlantic halibut"
"1021","SABMPA-1283891-2022-11-01",1,32,0.03125,"2021_009",45.988435,-59.22496,"Atlantic halibut"
"1022","SABMPA-1283891-2022-11-01",1,32,0.03125,"CBS004",47.04749,-60.36285,"Atlantic halibut"
"1023","SABMPA-1283891-2022-11-01",1,32,0.03125,"CBS006",47.05752,-60.34917,"Atlantic halibut"
"1024","SABMPA-1283891-2022-11-01",1,32,0.03125,"CBS007",47.06215,-60.34224,"Atlantic halibut"
"1025","SABMPA-1283891-2022-11-01",1,32,0.03125,"CBS010",47.07708,-60.319725,"Atlantic halibut"
"1026","SABMPA-1283892-2022-11-01",1,6,0.166666666666667,"2021_005",45.987845,-59.280265,"Atlantic halibut"
"1027","SABMPA-1283892-2022-11-01",1,6,0.166666666666667,"2021_006",45.98797,-59.266395,"Atlantic halibut"
"1028","SABMPA-1283892-2022-11-01",1,6,0.166666666666667,"2021_007",45.9883,-59.25373,"Atlantic halibut"
"1029","SABMPA-1283892-2022-11-01",1,6,0.166666666666667,"2021_008",45.988065,-59.240125,"Atlantic halibut"
"1030","SABMPA-1283892-2022-11-01",1,6,0.166666666666667,"2021_009",45.988435,-59.22496,"Atlantic halibut"
"1031","SABMPA-1283892-2022-11-01",2,6,0.333333333333333,"2021_013",45.98785,-59.170945,"Atlantic halibut"
"1032","SABMPA-1283892-2022-11-01",1,6,0.166666666666667,"2021_014",45.98832,-59.15846,"Atlantic halibut"
"1033","SABMPA-1283892-2022-11-01",1,6,0.166666666666667,"2021_034",46.04308,-58.91779,"Atlantic halibut"
"1034","SABMPA-1283893-2022-11-01",3,22,0.136363636363636,"2021_006",45.98797,-59.266395,"Atlantic halibut"
"1035","SABMPA-1283893-2022-11-01",4,22,0.181818181818182,"2021_008",45.988065,-59.240125,"Atlantic halibut"
"1036","SABMPA-1283893-2022-11-01",2,22,0.0909090909090909,"2021_009",45.988435,-59.22496,"Atlantic halibut"
"1037","SABMPA-1283893-2022-11-01",1,22,0.0454545454545455,"2021_010",45.988155,-59.212655,"Atlantic halibut"
"1038","SABMPA-1283893-2022-11-01",1,22,0.0454545454545455,"2021_011",45.988005,-59.19898,"Atlantic halibut"
"1039","SABMPA-1283893-2022-11-01",1,22,0.0454545454545455,"2021_035",46.04815,-58.90588,"Atlantic halibut"
"1040","SABMPA-1283893-2022-11-01",2,22,0.0909090909090909,"2021_043",46.08707,-58.81793,"Atlantic halibut"
"1041","SABMPA-1283893-2022-11-01",5,22,0.227272727272727,"2021_045",46.09648,-58.7971,"Atlantic halibut"
"1042","SABMPA-1283893-2022-11-01",5,22,0.227272727272727,"2021_046",46.10158,-58.78546,"Atlantic halibut"
"1043","SABMPA-1283894-2022-11-01",4,5,0.8,"2021_009",45.988435,-59.22496,"Atlantic halibut"
"1044","SABMPA-1283894-2022-11-01",4,5,0.8,"2021_010",45.988155,-59.212655,"Atlantic halibut"
"1045","SABMPA-1283895-2022-11-01",1,2,0.5,"2021_013",45.98785,-59.170945,"Atlantic halibut"
"1046","SABMPA-1283895-2022-11-01",1,2,0.5,"2021_014",45.98832,-59.15846,"Atlantic halibut"
"1047","SABMPA-1283895-2022-11-01",1,2,0.5,"2021_016",45.988155,-59.13163,"Atlantic halibut"
"1048","SABMPA-1283895-2022-11-01",1,2,0.5,"2021_018",45.988405,-59.10551,"Atlantic halibut"
"1049","SABMPA-1283895-2022-11-01",1,2,0.5,"2021_019",45.98798,-59.09185,"Atlantic halibut"
"1050","SABMPA-1283897-2022-11-01",1,3,0.333333333333333,"2021_005",45.987845,-59.280265,"Atlantic halibut"
"1051","SABMPA-1283897-2022-11-01",1,3,0.333333333333333,"2021_006",45.98797,-59.266395,"Atlantic halibut"
"1052","SABMPA-1283897-2022-11-01",1,3,0.333333333333333,"2021_009",45.988435,-59.22496,"Atlantic halibut"
"1053","SABMPA-1283897-2022-11-01",1,3,0.333333333333333,"2021_014",45.98832,-59.15846,"Atlantic halibut"
"1054","SABMPA-1283897-2022-11-01",1,3,0.333333333333333,"2021_039",46.067705,-58.86203,"Atlantic halibut"
"1055","SABMPA-1283897-2022-11-01",1,3,0.333333333333333,"2021_040",46.072565,-58.85077,"Atlantic halibut"
"1056","SABMPA-1283897-2022-11-01",1,3,0.333333333333333,"2021_041",46.077135,-58.840255,"Atlantic halibut"
"1057","SABMPA-1283898-2022-11-01",2,38,0.0526315789473684,"2021_004",45.987755,-59.294005,"Atlantic halibut"
"1058","SABMPA-1283898-2022-11-01",1,38,0.0263157894736842,"2021_005",45.987845,-59.280265,"Atlantic halibut"
"1059","SABMPA-1283898-2022-11-01",6,38,0.157894736842105,"2021_006",45.98797,-59.266395,"Atlantic halibut"
"1060","SABMPA-1283898-2022-11-01",2,38,0.0526315789473684,"2021_007",45.9883,-59.25373,"Atlantic halibut"
"1061","SABMPA-1283898-2022-11-01",8,38,0.210526315789474,"2021_008",45.988065,-59.240125,"Atlantic halibut"
"1062","SABMPA-1283898-2022-11-01",18,38,0.473684210526316,"2021_009",45.988435,-59.22496,"Atlantic halibut"
"1063","SABMPA-1283898-2022-11-01",14,38,0.368421052631579,"2021_010",45.988155,-59.212655,"Atlantic halibut"
"1064","SABMPA-1283898-2022-11-01",10,38,0.263157894736842,"2021_011",45.988005,-59.19898,"Atlantic halibut"
"1065","SABMPA-1283898-2022-11-01",1,38,0.0263157894736842,"2021_012",45.988085,-59.18562,"Atlantic halibut"
"1066","SABMPA-1283898-2022-11-01",1,38,0.0263157894736842,"2021_013",45.98785,-59.170945,"Atlantic halibut"
"1067","SABMPA-1283898-2022-11-01",2,38,0.0526315789473684,"2021_014",45.98832,-59.15846,"Atlantic halibut"
"1068","SABMPA-1283899-2022-11-01",1,1,1,"2021_021",45.98802,-59.06419,"Atlantic halibut"
"1069","SABMPA-1283899-2022-11-01",1,1,1,"2021_022",45.988175,-59.05228,"Atlantic halibut"
"1070","SABMPA-1283900-2022-11-01",1,5,0.2,"2021_013",45.98785,-59.170945,"Atlantic halibut"
"1071","SABMPA-1283900-2022-11-01",1,5,0.2,"2021_023",45.98809,-59.03802,"Atlantic halibut"
"1072","SABMPA-1283900-2022-11-01",1,5,0.2,"2021_032",46.033125,-58.93974,"Atlantic halibut"
"1073","SABMPA-1283900-2022-11-01",1,5,0.2,"2021_044",46.09156,-58.80686,"Atlantic halibut"
"1074","SABMPA-1283900-2022-11-01",1,5,0.2,"GDL-SV3-1121-20240620T1000-8714747",46.08054,-59.38968,"Atlantic halibut"
"1075","SABMPA-1283900-2022-11-01",1,5,0.2,"GDL-SV3-1121-20240620T1000-8714750",46.08243,-59.38968,"Atlantic halibut"
"1076","SABMPA-1283903-2022-11-01",1,5,0.2,"2021_008",45.988065,-59.240125,"Atlantic halibut"
"1077","SABMPA-1283903-2022-11-01",1,5,0.2,"2021_009",45.988435,-59.22496,"Atlantic halibut"
"1078","SABMPA-1283903-2022-11-01",1,5,0.2,"2021_013",45.98785,-59.170945,"Atlantic halibut"
"1079","SABMPA-1283903-2022-11-01",1,5,0.2,"2021_014",45.98832,-59.15846,"Atlantic halibut"
"1080","SABMPA-1283903-2022-11-01",1,5,0.2,"2021_019",45.98798,-59.09185,"Atlantic halibut"
"1081","SABMPA-1283903-2022-11-01",1,5,0.2,"2021_020",45.988425,-59.0789,"Atlantic halibut"
"1082","SABMPA-1283903-2022-11-01",1,5,0.2,"2021_021",45.98802,-59.06419,"Atlantic halibut"
"1083","SABMPA-1283904-2022-11-01",3,19,0.157894736842105,"2021_007",45.9883,-59.25373,"Atlantic halibut"
"1084","SABMPA-1283904-2022-11-01",10,19,0.526315789473684,"2021_008",45.988065,-59.240125,"Atlantic halibut"
"1085","SABMPA-1283904-2022-11-01",2,19,0.105263157894737,"2021_009",45.988435,-59.22496,"Atlantic halibut"
"1086","SABMPA-1283904-2022-11-01",1,19,0.0526315789473684,"2021_010",45.988155,-59.212655,"Atlantic halibut"
"1087","SABMPA-1283904-2022-11-01",1,19,0.0526315789473684,"2021_011",45.988005,-59.19898,"Atlantic halibut"
"1088","SABMPA-1283904-2022-11-01",2,19,0.105263157894737,"2021_034",46.04308,-58.91779,"Atlantic halibut"
"1089","SABMPA-1283904-2022-11-01",1,19,0.0526315789473684,"2021_035",46.04815,-58.90588,"Atlantic halibut"
"1090","SABMPA-1283904-2022-11-01",1,19,0.0526315789473684,"2021_036",46.05326,-58.89486,"Atlantic halibut"
"1091","SABMPA-1283904-2022-11-01",1,19,0.0526315789473684,"2021_037",46.05793,-58.88394,"Atlantic halibut"
"1092","SABMPA-1283904-2022-11-01",1,19,0.0526315789473684,"2021_043",46.08707,-58.81793,"Atlantic halibut"
"1093","SABMPA-1283905-2022-11-01",4,5,0.8,"2021_006",45.98797,-59.266395,"Atlantic halibut"
"1094","SABMPA-1283905-2022-11-01",2,5,0.4,"2021_008",45.988065,-59.240125,"Atlantic halibut"
"1095","SABMPA-1283906-2022-12-05",2,57,0.0350877192982456,"2021_001",45.987935601173,-59.3335,"Atlantic halibut"
"1096","SABMPA-1283906-2022-12-05",6,57,0.105263157894737,"2021_003",45.987995,-59.307525,"Atlantic halibut"
"1097","SABMPA-1283906-2022-12-05",6,57,0.105263157894737,"2021_004",45.987755,-59.294005,"Atlantic halibut"
"1098","SABMPA-1283906-2022-12-05",5,57,0.087719298245614,"2021_005",45.987845,-59.280265,"Atlantic halibut"
"1099","SABMPA-1283906-2022-12-05",5,57,0.087719298245614,"2021_006",45.98797,-59.266395,"Atlantic halibut"
"1100","SABMPA-1283906-2022-12-05",8,57,0.140350877192982,"2021_007",45.9883,-59.25373,"Atlantic halibut"
"1101","SABMPA-1283906-2022-12-05",14,57,0.245614035087719,"2021_008",45.988065,-59.240125,"Atlantic halibut"
"1102","SABMPA-1283906-2022-12-05",17,57,0.298245614035088,"2021_009",45.988435,-59.22496,"Atlantic halibut"
"1103","SABMPA-1283906-2022-12-05",6,57,0.105263157894737,"2021_010",45.988155,-59.212655,"Atlantic halibut"
"1104","SABMPA-1283906-2022-12-05",1,57,0.0175438596491228,"2021_013",45.98785,-59.170945,"Atlantic halibut"
"1105","SABMPA-1283906-2022-12-05",1,57,0.0175438596491228,"2021_024",45.993405,-59.027845,"Atlantic halibut"
"1106","SABMPA-1283907-2022-12-05",1,9,0.111111111111111,"2021_006",45.98797,-59.266395,"Atlantic halibut"
"1107","SABMPA-1283907-2022-12-05",1,9,0.111111111111111,"2021_011",45.988005,-59.19898,"Atlantic halibut"
"1108","SABMPA-1283907-2022-12-05",1,9,0.111111111111111,"CABOT NORD",48.04083,-61.16233,"Atlantic halibut"
"1109","SABMPA-1283907-2022-12-05",1,9,0.111111111111111,"CBS010",47.07708,-60.319725,"Atlantic halibut"
"1110","SABMPA-1283907-2022-12-05",1,9,0.111111111111111,"CBS012",47.08672,-60.30506,"Atlantic halibut"
"1111","SABMPA-1283907-2022-12-05",1,9,0.111111111111111,"CBS015",47.101365,-60.28269,"Atlantic halibut"
"1112","SABMPA-1283907-2022-12-05",2,9,0.222222222222222,"CBS021",47.132,-60.23923,"Atlantic halibut"
"1113","SABMPA-1283907-2022-12-05",1,9,0.111111111111111,"CBS022",47.13596,-60.2317,"Atlantic halibut"
"1114","SABMPA-1283908-2022-11-01",2,172,0.0116279069767442,"2021_007",45.9883,-59.25373,"Atlantic halibut"
"1115","SABMPA-1283908-2022-11-01",4,172,0.0232558139534884,"2021_008",45.988065,-59.240125,"Atlantic halibut"
"1116","SABMPA-1283908-2022-11-01",28,172,0.162790697674419,"2021_009",45.988435,-59.22496,"Atlantic halibut"
"1117","SABMPA-1283908-2022-11-01",106,172,0.616279069767442,"2021_010",45.988155,-59.212655,"Atlantic halibut"
"1118","SABMPA-1283908-2022-11-01",102,172,0.593023255813954,"2021_011",45.988005,-59.19898,"Atlantic halibut"
"1119","SABMPA-1283908-2022-11-01",7,172,0.0406976744186047,"2021_012",45.988085,-59.18562,"Atlantic halibut"
"1120","SABMPA-1283908-2022-11-01",1,172,0.00581395348837209,"2021_013",45.98785,-59.170945,"Atlantic halibut"
"1121","SABMPA-1283910-2022-12-06",2,141,0.0141843971631206,"2021_005",45.987845,-59.280265,"Atlantic halibut"
"1122","SABMPA-1283910-2022-12-06",3,141,0.0212765957446809,"2021_006",45.98797,-59.266395,"Atlantic halibut"
"1123","SABMPA-1283910-2022-12-06",7,141,0.049645390070922,"2021_007",45.9883,-59.25373,"Atlantic halibut"
"1124","SABMPA-1283910-2022-12-06",24,141,0.170212765957447,"2021_008",45.988065,-59.240125,"Atlantic halibut"
"1125","SABMPA-1283910-2022-12-06",53,141,0.375886524822695,"2021_009",45.988435,-59.22496,"Atlantic halibut"
"1126","SABMPA-1283910-2022-12-06",82,141,0.581560283687943,"2021_010",45.988155,-59.212655,"Atlantic halibut"
"1127","SABMPA-1283910-2022-12-06",28,141,0.198581560283688,"2021_011",45.988005,-59.19898,"Atlantic halibut"
"1128","SABMPA-1283910-2022-12-06",2,141,0.0141843971631206,"2021_017",45.988165,-59.1183,"Atlantic halibut"
"1129","SABMPA-1283910-2022-12-06",1,141,0.00709219858156028,"2021_018",45.988405,-59.10551,"Atlantic halibut"
"1130","SABMPA-1283911-2022-12-06",4,12,0.333333333333333,"2021_003",45.987995,-59.307525,"Atlantic halibut"
"1131","SABMPA-1283911-2022-12-06",1,12,0.0833333333333333,"2021_004",45.987755,-59.294005,"Atlantic halibut"
"1132","SABMPA-1283911-2022-12-06",1,12,0.0833333333333333,"2021_008",45.988065,-59.240125,"Atlantic halibut"
"1133","SABMPA-1283911-2022-12-06",3,12,0.25,"2021_009",45.988435,-59.22496,"Atlantic halibut"
"1134","SABMPA-1283911-2022-12-06",1,12,0.0833333333333333,"2021_010",45.988155,-59.212655,"Atlantic halibut"
"1135","SABMPA-1283911-2022-12-06",2,12,0.166666666666667,"2021_011",45.988005,-59.19898,"Atlantic halibut"
"1136","SABMPA-1283911-2022-12-06",1,12,0.0833333333333333,"2021_024",45.993405,-59.027845,"Atlantic halibut"
"1137","SABMPA-1283924-2022-12-05",1,16,0.0625,"2021_003",45.987995,-59.307525,"Atlantic halibut"
"1138","SABMPA-1283924-2022-12-05",1,16,0.0625,"2021_006",45.98797,-59.266395,"Atlantic halibut"
"1139","SABMPA-1283924-2022-12-05",3,16,0.1875,"2021_007",45.9883,-59.25373,"Atlantic halibut"
"1140","SABMPA-1283924-2022-12-05",3,16,0.1875,"2021_008",45.988065,-59.240125,"Atlantic halibut"
"1141","SABMPA-1283924-2022-12-05",1,16,0.0625,"2021_027",46.00848,-58.99497,"Atlantic halibut"
"1142","SABMPA-1283924-2022-12-05",1,16,0.0625,"2021_029",46.01813,-58.97297,"Atlantic halibut"
"1143","SABMPA-1283924-2022-12-05",4,16,0.25,"2021_030",46.02308,-58.9613,"Atlantic halibut"
"1144","SABMPA-1283924-2022-12-05",2,16,0.125,"2021_032",46.033125,-58.93974,"Atlantic halibut"
"1145","SABMPA-1283924-2022-12-05",1,16,0.0625,"2021_034",46.04308,-58.91779,"Atlantic halibut"
"1146","SABMPA-1283924-2022-12-05",1,16,0.0625,"2021_035",46.04815,-58.90588,"Atlantic halibut"
"1147","SABMPA-1283924-2022-12-05",1,16,0.0625,"2021_037",46.05793,-58.88394,"Atlantic halibut"
"1148","SABMPA-1283924-2022-12-05",1,16,0.0625,"2021_043",46.08707,-58.81793,"Atlantic halibut"
"1149","SABMPA-1283925-2022-12-05",35,173,0.202312138728324,"2021_008",45.988065,-59.240125,"Atlantic halibut"
"1150","SABMPA-1283925-2022-12-05",95,173,0.549132947976879,"2021_009",45.988435,-59.22496,"Atlantic halibut"
"1151","SABMPA-1283925-2022-12-05",64,173,0.369942196531792,"2021_010",45.988155,-59.212655,"Atlantic halibut"
"1152","SABMPA-1283925-2022-12-05",40,173,0.23121387283237,"2021_011",45.988005,-59.19898,"Atlantic halibut"
"1153","SABMPA-1283925-2022-12-05",6,173,0.0346820809248555,"2021_012",45.988085,-59.18562,"Atlantic halibut"
"1154","SABMPA-1283925-2022-12-05",1,173,0.00578034682080925,"2021_016",45.988155,-59.13163,"Atlantic halibut"
"1155","SABMPA-1283925-2022-12-05",1,173,0.00578034682080925,"2021_017",45.988165,-59.1183,"Atlantic halibut"
"1156","SABMPA-1283925-2022-12-05",1,173,0.00578034682080925,"2021_018",45.988405,-59.10551,"Atlantic halibut"
"1157","SABMPA-1283925-2022-12-05",1,173,0.00578034682080925,"2021_020",45.988425,-59.0789,"Atlantic halibut"
"1158","SABMPA-1283925-2022-12-05",2,173,0.0115606936416185,"2021_029",46.01813,-58.97297,"Atlantic halibut"
"1159","SABMPA-1283925-2022-12-05",2,173,0.0115606936416185,"2021_035",46.04815,-58.90588,"Atlantic halibut"
"1160","SABMPA-1283925-2022-12-05",1,173,0.00578034682080925,"2021_037",46.05793,-58.88394,"Atlantic halibut"
"1161","SABMPA-1283925-2022-12-05",1,173,0.00578034682080925,"2021_038",46.0632,-58.87262,"Atlantic halibut"
"1162","SABMPA-1283925-2022-12-05",1,173,0.00578034682080925,"HFX002",44.47255,-63.52662,"Atlantic halibut"
"1163","SABMPA-2-2021-08-30",1,4,0.25,"2021_004",45.987755,-59.294005,"Atlantic halibut"
"1164","SABMPA-2-2021-08-30",1,4,0.25,"2021_008",45.988065,-59.240125,"Atlantic halibut"
"1165","SABMPA-2-2021-08-30",2,4,0.5,"SCATARIE-7",46.04097,-59.70979,"Atlantic halibut"
"1166","SABMPA-MPA-SAB-23-HIP-01-2023-10-05",1,3,0.333333333333333,"07",44.16177,-59.17597,"Atlantic halibut"
"1167","SABMPA-MPA-SAB-23-HIP-01-2023-10-05",2,3,0.666666666666667,"2021_044",46.09156,-58.80686,"Atlantic halibut"
"1168","SABMPA-MPA-SAB-23-HIP-01-2023-10-05",1,3,0.333333333333333,"2021_045",46.09648,-58.7971,"Atlantic halibut"
"1169","SABMPA-MPA-SAB-23-HIP-02-2023-10-05",1,19,0.0526315789473684,"2021_005",45.987845,-59.280265,"Atlantic halibut"
"1170","SABMPA-MPA-SAB-23-HIP-02-2023-10-05",5,19,0.263157894736842,"2021_006",45.98797,-59.266395,"Atlantic halibut"
"1171","SABMPA-MPA-SAB-23-HIP-02-2023-10-05",6,19,0.315789473684211,"2021_007",45.9883,-59.25373,"Atlantic halibut"
"1172","SABMPA-MPA-SAB-23-HIP-02-2023-10-05",6,19,0.315789473684211,"2021_008",45.988065,-59.240125,"Atlantic halibut"
"1173","SABMPA-MPA-SAB-23-HIP-02-2023-10-05",1,19,0.0526315789473684,"2021_009",45.988435,-59.22496,"Atlantic halibut"
"1174","SABMPA-MPA-SAB-23-HIP-02-2023-10-05",2,19,0.105263157894737,"2021_011",45.988005,-59.19898,"Atlantic halibut"
"1175","SABMPA-MPA-SAB-23-HIP-02-2023-10-05",1,19,0.0526315789473684,"2021_012",45.988085,-59.18562,"Atlantic halibut"
"1176","SABMPA-MPA-SAB-23-HIP-02-2023-10-05",3,19,0.157894736842105,"2021_013",45.98785,-59.170945,"Atlantic halibut"
"1177","SABMPA-MPA-SAB-23-HIP-02-2023-10-05",2,19,0.105263157894737,"2021_014",45.98832,-59.15846,"Atlantic halibut"
"1178","SABMPA-MPA-SAB-23-HIP-02-2023-10-05",1,19,0.0526315789473684,"2021_016",45.988155,-59.13163,"Atlantic halibut"
"1179","SABMPA-MPA-SAB-23-HIP-02-2023-10-05",1,19,0.0526315789473684,"2021_017",45.988165,-59.1183,"Atlantic halibut"
"1180","SABMPA-MPA-SAB-23-HIP-02-2023-10-05",1,19,0.0526315789473684,"2021_045",46.09648,-58.7971,"Atlantic halibut"
"1181","SABMPA-MPA-SAB-23-HIP-02-2023-10-05",3,19,0.157894736842105,"2021_046",46.10158,-58.78546,"Atlantic halibut"
"1182","SABMPA-MPA-SAB-23-HIP-03-2023-10-05",1,3,0.333333333333333,"2021_009",45.988435,-59.22496,"Atlantic halibut"
"1183","SABMPA-MPA-SAB-23-HIP-03-2023-10-05",1,3,0.333333333333333,"2021_011",45.988005,-59.19898,"Atlantic halibut"
"1184","SABMPA-MPA-SAB-23-HIP-03-2023-10-05",1,3,0.333333333333333,"2021_012",45.988085,-59.18562,"Atlantic halibut"
"1185","SABMPA-MPA-SAB-23-HIP-04-2023-10-05",1,5,0.2,"2021_036",46.05326,-58.89486,"Atlantic halibut"
"1186","SABMPA-MPA-SAB-23-HIP-04-2023-10-05",1,5,0.2,"CBS014",47.09645,-60.29036,"Atlantic halibut"
"1187","SABMPA-MPA-SAB-23-HIP-04-2023-10-05",2,5,0.4,"CBS015",47.101365,-60.28269,"Atlantic halibut"
"1188","SABMPA-MPA-SAB-23-HIP-04-2023-10-05",1,5,0.2,"CBS016",47.10644,-60.27535,"Atlantic halibut"
"1189","SABMPA-MPA-SAB-23-HIP-04-2023-10-05",2,5,0.4,"CBS190",47.34065,-59.88846,"Atlantic halibut"
"1190","SABMPA-MPA-SAB-23-HIP-04-2023-10-05",2,5,0.4,"CBS191",47.34464,-59.87945,"Atlantic halibut"
"1191","SABMPA-MPA-SAB-23-HIP-05-2023-10-06",1,3,0.333333333333333,"2021_007",45.9883,-59.25373,"Atlantic halibut"
"1192","SABMPA-MPA-SAB-23-HIP-05-2023-10-06",1,3,0.333333333333333,"2021_008",45.988065,-59.240125,"Atlantic halibut"
"1193","SABMPA-MPA-SAB-23-HIP-05-2023-10-06",1,3,0.333333333333333,"2021_025",45.99829,-59.01779,"Atlantic halibut"
"1194","SABMPA-MPA-SAB-23-HIP-05-2023-10-06",1,3,0.333333333333333,"2021_026",46.00333,-59.00666,"Atlantic halibut"
"1195","SABMPA-MPA-SAB-23-HIP-05-2023-10-06",1,3,0.333333333333333,"2021_027",46.00848,-58.99497,"Atlantic halibut"
"1196","SABMPA-MPA-SAB-23-HIP-05-2023-10-06",1,3,0.333333333333333,"2021_029",46.01813,-58.97297,"Atlantic halibut"
"1197","SABMPA-MPA-SAB-23-HIP-05-2023-10-06",1,3,0.333333333333333,"2021_046",46.10158,-58.78546,"Atlantic halibut"
"1198","SABMPA-MPA-SAB-23-HIP-06-2023-10-06",1,19,0.0526315789473684,"2021_006",45.98797,-59.266395,"Atlantic halibut"
"1199","SABMPA-MPA-SAB-23-HIP-06-2023-10-06",3,19,0.157894736842105,"2021_007",45.9883,-59.25373,"Atlantic halibut"
"1200","SABMPA-MPA-SAB-23-HIP-06-2023-10-06",8,19,0.421052631578947,"2021_008",45.988065,-59.240125,"Atlantic halibut"
"1201","SABMPA-MPA-SAB-23-HIP-06-2023-10-06",1,19,0.0526315789473684,"2021_009",45.988435,-59.22496,"Atlantic halibut"
"1202","SABMPA-MPA-SAB-23-HIP-06-2023-10-06",1,19,0.0526315789473684,"2021_011",45.988005,-59.19898,"Atlantic halibut"
"1203","SABMPA-MPA-SAB-23-HIP-06-2023-10-06",1,19,0.0526315789473684,"2021_013",45.98785,-59.170945,"Atlantic halibut"
"1204","SABMPA-MPA-SAB-23-HIP-06-2023-10-06",1,19,0.0526315789473684,"2021_014",45.98832,-59.15846,"Atlantic halibut"
"1205","SABMPA-MPA-SAB-23-HIP-06-2023-10-06",1,19,0.0526315789473684,"2021_038",46.0632,-58.87262,"Atlantic halibut"
"1206","SABMPA-MPA-SAB-23-HIP-06-2023-10-06",5,19,0.263157894736842,"2021_039",46.067705,-58.86203,"Atlantic halibut"
"1207","SABMPA-MPA-SAB-23-HIP-06-2023-10-06",2,19,0.105263157894737,"2021_040",46.072565,-58.85077,"Atlantic halibut"
"1208","SABMPA-MPA-SAB-23-HIP-06-2023-10-06",1,19,0.0526315789473684,"2021_041",46.077135,-58.840255,"Atlantic halibut"
"1209","SABMPA-MPA-SAB-23-HIP-07-2023-10-06",1,1,1,"2021_013",45.98785,-59.170945,"Atlantic halibut"
"1210","SABMPA-MPA-SAB-23-HIP-07-2023-10-06",1,1,1,"2021_014",45.98832,-59.15846,"Atlantic halibut"
"1211","SABMPA-MPA-SAB-23-HIP-08-2023-10-06",2,21,0.0952380952380952,"2021_001",45.987935601173,-59.3335,"Atlantic halibut"
"1212","SABMPA-MPA-SAB-23-HIP-08-2023-10-06",2,21,0.0952380952380952,"2021_046",46.10158,-58.78546,"Atlantic halibut"
"1213","SABMPA-MPA-SAB-23-HIP-08-2023-10-06",3,21,0.142857142857143,"NE1_2023",46.60505,-60.1632,"Atlantic halibut"
"1214","SABMPA-MPA-SAB-23-HIP-08-2023-10-06",3,21,0.142857142857143,"NE3_2023",46.5919,-60.17117,"Atlantic halibut"
"1215","SABMPA-MPA-SAB-23-HIP-08-2023-10-06",2,21,0.0952380952380952,"NE5_2023",46.57858,-60.17877,"Atlantic halibut"
"1216","SABMPA-MPA-SAB-23-HIP-08-2023-10-06",2,21,0.0952380952380952,"NE7_2023",46.56523,-60.18697,"Atlantic halibut"
"1217","SABMPA-MPA-SAB-23-HIP-08-2023-10-06",3,21,0.142857142857143,"NW1_2023",46.60766,-60.17851,"Atlantic halibut"
"1218","SABMPA-MPA-SAB-23-HIP-08-2023-10-06",2,21,0.0952380952380952,"NW2_2023",46.60051,-60.18245,"Atlantic halibut"
"1219","SABMPA-MPA-SAB-23-HIP-08-2023-10-06",7,21,0.333333333333333,"NW6_2023",46.57295,-60.19791,"Atlantic halibut"
"1220","SABMPA-MPA-SAB-23-HIP-14-2023-11-26",1,1,1,"05",44.1489,-59.20215,"Atlantic halibut"
"1221","SABMPA-MPA-SAB-25-HIP-16-2025-04-24",1,2,0.5,"CBS015",47.101365,-60.28269,"Atlantic halibut"
"1222","SABMPA-MPA-SAB-25-HIP-16-2025-04-24",1,2,0.5,"CBS170",47.25701,-60.06044,"Atlantic halibut"
"1223","SABMPA-MPA-SAB-0008",1,3,0.333333333333333,"GDL-WG-106_20191120-314399",46.02945,-59.16665,"Atlantic striped wolffish"
"1224","SABMPA-MPA-SAB-0008",1,3,0.333333333333333,"GDL-WG-106_20191120-314799",46.02947,-59.16495,"Atlantic striped wolffish"
"1225","SABMPA-MPA-SAB-0008",1,3,0.333333333333333,"GDL-WG-106_20191120-315130",46.02944,-59.16798,"Atlantic striped wolffish"
"1226","SABMPA-MPA-SAB-0008",1,3,0.333333333333333,"GDL-WG-106_20191120-315177",46.02942,-59.17,"Atlantic striped wolffish"
"1227","SABMPA-MPA-SAB-0008",1,3,0.333333333333333,"GDL-WG-72_201707-36432",46.03008,-59.1666,"Atlantic striped wolffish"
"1228","SABMPA-MPA-SAB-0008",1,3,0.333333333333333,"GDL-WG-72_201707-36571",46.03004,-59.169,"Atlantic striped wolffish"
"1229","SABMPA-MPA-SAB-0008",1,3,0.333333333333333,"GDL-WG-72_201707-37344",46.03009,-59.16604,"Atlantic striped wolffish"
"1230","SABMPA-MPA-SAB-0008",1,3,0.333333333333333,"GDL-WG-72_201707-37478",46.03005,-59.16842,"Atlantic striped wolffish"
"1231","SABMPA-MPA-SAB-0008",1,3,0.333333333333333,"GDL-WG-91_92_2018-40675",46.02588,-59.17616,"Atlantic striped wolffish"
"1232","SABMPA-MPA-SAB-0008",1,3,0.333333333333333,"GDL-WG-91_92_2018-40682",46.02602,-59.17336,"Atlantic striped wolffish"
"1233","SABMPA-MPA-SAB-0008",1,3,0.333333333333333,"GDL-WG-91_92_2018-40716",46.02639,-59.17161,"Atlantic striped wolffish"
"1234","SABMPA-MPA-SAB-0008",1,3,0.333333333333333,"GDL-WG-91_92_2018-40717",46.02583,-59.17452,"Atlantic striped wolffish"
"1235","SABMPA-MPA-SAB-0008",1,3,0.333333333333333,"GDL-WG-91_92_2018-40743",46.02589,-59.17399,"Atlantic striped wolffish"
"1236","SABMPA-MPA-SAB-0015",1,10,0.1,"V2LSCF-N8",46.2037,-59.14133,"Atlantic striped wolffish"
"1237","SABMPA-MPA-SAB-0015",1,10,0.1,"V2LSCF-S10",46.02152,-58.91731,"Atlantic striped wolffish"
"1238","SABMPA-MPA-SAB-0015",1,10,0.1,"V2LSCF-S11",46.02294,-58.90342,"Atlantic striped wolffish"
"1239","SABMPA-MPA-SAB-0015",3,10,0.3,"V2LSCF-S14",46.02165,-59.0985,"Atlantic striped wolffish"
"1240","SABMPA-MPA-SAB-0015",5,10,0.5,"V2LSCF-S15",46.02167,-59.08521,"Atlantic striped wolffish"
"1241","SABMPA-MPA-SAB-0015",1,10,0.1,"V2LSCF-S16",46.02184,-59.07274,"Atlantic striped wolffish"
