"","animal_id","station","num_dets","first_det","last_det","mean_lat","mean_lon"
"1","BLUEFIN_BFTTAG_1","N7",5,2018-10-01 18:22:41,2018-10-01 18:27:53,46.2003244444443,-59.1532547494557
"2","BLUEFIN_BFTTAG_1","S10",6,2018-10-01 21:32:23,2018-10-01 21:37:48,46.0216522994652,-58.9172277005346
"3","BLUEFIN_BFTTAG_1","S11",1,2018-10-01 21:40:11,2018-10-01 21:40:11,46.0224201941747,-58.9037865048544
"4","BLUEFIN_BFTTAG_10","N9",3,2018-10-15 07:05:52,2018-10-15 07:08:11,46.2079377927928,-59.1301640990991
"5","BLUEFIN_BFTTAG_10","S19",2,2018-10-15 09:45:38,2018-10-15 09:46:39,46.0217368644067,-58.8646719491525
"6","BLUEFIN_BFTTAG_12","N14",5,2019-09-28 00:23:16,2019-09-28 00:28:00,46.1695911111114,-59.2475088888884
"7","BLUEFIN_BFTTAG_13","N2",2,2019-10-20 12:02:46,2019-10-20 12:04:00,46.1812410599078,-59.2119099539171
"8","BLUEFIN_BFTTAG_13","S13",8,2019-11-20 15:20:01,2019-11-20 15:28:28,46.0217610204081,-58.8780648299319
"9","BLUEFIN_BFTTAG_13","S3",1,2019-10-20 13:36:06,2019-10-20 13:36:06,46.0218397070314,-59.0076991406253
"10","BLUEFIN_BFTTAG_14","S5",2,2019-11-07 05:02:00,2019-11-07 05:03:19,46.0218722159091,-58.9820525568182
"11","BLUEFIN_BFTTAG_2","2021_005",5,2021-10-31 23:42:25,2021-10-31 23:48:05,45.9877987387387,-59.2798415315314
"12","BLUEFIN_BFTTAG_2","S16",1,2019-10-07 16:23:20,2019-10-07 16:23:20,46.0218315856105,-59.072737135245
"13","BLUEFIN_BFTTAG_3","N14",1,2019-06-16 22:55:51,2019-06-16 22:55:51,46.1695911111114,-59.2475088888884
"14","BLUEFIN_BFTTAG_3","N15",3,2019-06-16 22:57:47,2019-06-16 23:00:28,46.1734121895428,-59.2360301960789
"15","BLUEFIN_BFTTAG_4","N10",3,2020-11-18 16:21:54,2020-11-18 16:29:45,46.211606017316,-59.1180730303031
"16","BLUEFIN_BFTTAG_5","S15",5,2018-10-16 15:44:11,2018-10-16 15:59:30,46.0216567833793,-59.0852207195076
"17","BLUEFIN_BFTTAG_6","N15",8,2019-06-19 12:43:59,2019-06-19 12:52:28,46.1734121895428,-59.2360301960789
"18","BLUEFIN_BFTTAG_7","S17",6,2021-06-30 02:42:24,2021-06-30 02:47:29,46.0217340175442,-59.0594905614035
"19","BLUEFIN_BFTTAG_9","N13",7,2019-06-20 08:08:57,2019-06-20 08:15:08,46.2002134575569,-59.1536598757767
"20","BLUEFIN_BFTTAG_9","N9",2,2019-09-18 20:59:32,2019-09-18 21:00:32,46.2079377927928,-59.1301640990991
"21","BLUEFIN_DFOBFT_1","2021_011",2,2022-06-27 04:14:08,2022-06-27 04:16:42,45.9879442857143,-59.1990085714286
"22","BLUEFIN_DFOBFT_1","2021_022",5,2022-11-27 04:39:04,2022-11-27 04:45:10,45.9881643023255,-59.0521934883721
"23","BLUEFIN_DFOBFT_1","2021_023",8,2023-10-20 14:24:10,2023-10-20 14:35:36,45.9881801408451,-59.0387242253522
"24","BLUEFIN_DFOBFT_10","2021_009",3,2023-11-26 02:07:05,2023-11-26 02:09:05,45.988321038961,-59.2250048051948
"25","BLUEFIN_DFOBFT_10","2021_010",2,2023-11-26 02:11:20,2023-11-26 02:13:26,45.9880955102041,-59.2125887755102
"26","BLUEFIN_DFOBFT_11","2021_020",3,2023-11-26 09:11:39,2023-11-26 09:16:30,45.988557961165,-59.0790185436893
"27","BLUEFIN_DFOBFT_11","2021_021",3,2023-11-26 09:17:43,2023-11-26 09:19:53,45.988069382716,-59.0642393827161
"28","BLUEFIN_DFOBFT_12","2021_035",5,2023-08-26 06:53:55,2023-08-26 06:58:00,46.0477045454545,-58.9062140909091
"29","BLUEFIN_DFOBFT_13","2021_012",26,2024-07-14 12:43:11,2024-07-14 15:05:14,45.9881194827586,-59.1855979310345
"30","BLUEFIN_DFOBFT_13","2021_013",16,2024-07-14 12:32:46,2024-07-14 14:42:40,45.9878044,-59.1707873000001
"31","BLUEFIN_DFOBFT_2","2021_006",1,2023-11-25 15:13:28,2023-11-25 15:13:28,45.9879033333334,-59.2665762499999
"32","BLUEFIN_DFOBFT_2","2021_008",2,2021-11-26 09:38:18,2021-11-26 09:40:12,45.9879725,-59.2401475
"33","BLUEFIN_DFOBFT_2","2021_009",13,2021-11-26 09:18:54,2021-11-26 09:53:13,45.988321038961,-59.2250048051948
"34","BLUEFIN_DFOBFT_2","2021_010",4,2021-11-26 09:58:37,2021-11-26 10:01:31,45.9880955102041,-59.2125887755102
"35","BLUEFIN_DFOBFT_2","2021_014",2,2021-12-07 18:02:05,2021-12-07 18:03:11,45.9884536708861,-59.1584307594937
"36","BLUEFIN_DFOBFT_2","2021_016",4,2023-07-30 20:02:58,2023-07-30 20:06:39,45.9881743859649,-59.1315752631579
"37","BLUEFIN_DFOBFT_2","2021_017",5,2023-07-30 19:54:51,2023-07-30 19:59:12,45.9882261157024,-59.118367107438
"38","BLUEFIN_DFOBFT_2","2021_018",4,2023-07-30 19:43:50,2023-07-30 19:47:42,45.9885546086957,-59.1056129565219
"39","BLUEFIN_DFOBFT_3","2021_006",4,2023-10-26 11:14:51,2023-10-26 11:18:56,45.9879033333334,-59.2665762499999
"40","BLUEFIN_DFOBFT_3","2021_007",1,2023-10-26 11:26:38,2023-10-26 11:26:38,45.9883,-59.2537299999999
"41","BLUEFIN_DFOBFT_3","2021_039",7,2023-07-08 12:37:01,2023-07-08 12:43:32,46.06739875,-58.8619451923075
"42","BLUEFIN_DFOBFT_3","2021_041",14,2022-09-07 16:04:58,2022-09-07 16:18:14,46.0770484444445,-58.8401684444444
"43","BLUEFIN_DFOBFT_4","2021_034",5,2023-06-24 06:05:54,2023-06-24 06:10:03,46.0427126530612,-58.9175971428571
"44","BLUEFIN_DFOBFT_4","2021_035",7,2023-06-24 05:57:37,2023-06-24 06:04:48,46.0477045454545,-58.9062140909091
"45","BLUEFIN_DFOBFT_4","2021_036",4,2023-06-24 05:47:07,2023-06-24 05:54:40,46.0528509090909,-58.895013409091
"46","BLUEFIN_DFOBFT_5","2021_027",6,2022-10-02 14:15:00,2022-10-02 14:20:17,46.0083632926829,-58.9948780487805
"47","BLUEFIN_DFOBFT_5","2021_028",3,2022-10-02 14:20:51,2022-10-02 14:22:46,46.01304,-58.98382
"48","BLUEFIN_DFOBFT_6","2021_003",2,2023-10-31 23:43:26,2023-10-31 23:44:37,45.9880766917293,-59.3075851127818
"49","BLUEFIN_DFOBFT_6","2021_020",4,2022-12-01 17:28:13,2022-12-01 17:32:37,45.988557961165,-59.0790185436893
"50","BLUEFIN_DFOBFT_6","2021_021",4,2022-12-01 17:25:01,2022-12-01 17:30:41,45.988069382716,-59.0642393827161
"51","BLUEFIN_DFOBFT_6","2021_022",2,2022-12-01 17:38:17,2022-12-01 17:39:38,45.9881643023255,-59.0521934883721
"52","BLUEFIN_DFOBFT_7","2021_016",1,2023-08-25 04:03:31,2023-08-25 04:03:31,45.9881743859649,-59.1315752631579
"53","BLUEFIN_DFOBFT_7","2021_017",16,2023-08-25 03:55:55,2023-08-25 05:26:46,45.9882261157024,-59.118367107438
"54","BLUEFIN_DFOBFT_7","2021_018",3,2023-08-25 05:10:19,2023-08-25 05:13:41,45.9885546086957,-59.1056129565219
"55","BLUEFIN_DFOBFT_7","2021_026",4,2023-08-24 19:56:32,2023-08-24 20:02:51,46.0032672916667,-59.0062927083333
"56","BLUEFIN_DFOBFT_7","2021_027",10,2023-08-24 20:07:59,2023-08-24 20:18:11,46.0083632926829,-58.9948780487805
"57","BLUEFIN_DFOBFT_9","2021_009",2,2023-11-09 05:04:40,2023-11-09 05:05:29,45.988321038961,-59.2250048051948
"58","BLUEFIN_TAG_1","N1",1,2015-10-16 09:57:01,2015-10-16 09:57:01,46.1773207510729,-59.2236031759658
"59","BLUEFIN_TAG_1","S1",1,2015-10-18 01:00:20,2015-10-18 01:00:20,46.0217821698113,-59.0337486320757
"60","BLUEFIN_TAG_1","S11",1,2015-07-07 23:25:45,2015-07-07 23:25:45,46.0224201941747,-58.9037865048544
"61","BLUEFIN_TAG_1","S9",1,2015-10-18 16:05:06,2015-10-18 16:05:06,46.0220081111111,-58.9299448888889
"62","BLUEFIN_TAG_10","N3",1,2018-11-04 18:27:37,2018-11-04 18:27:37,46.1841454838711,-59.2004729032259
"63","BLUEFIN_TAG_10","S7",1,2019-09-23 02:13:24,2019-09-23 02:13:24,46.021813375,-58.9560386250001
"64","BLUEFIN_TAG_11","N15",3,2017-08-07 01:02:14,2017-08-07 01:04:29,46.1734121895428,-59.2360301960789
"65","BLUEFIN_TAG_11","N4",1,2017-11-07 11:32:50,2017-11-07 11:32:50,46.1890466981132,-59.1881770754717
"66","BLUEFIN_TAG_11","S13",1,2020-09-09 20:13:36,2020-09-09 20:13:36,46.0217610204081,-58.8780648299319
"67","BLUEFIN_TAG_11","S19",1,2020-09-09 20:04:09,2020-09-09 20:04:09,46.0217368644067,-58.8646719491525
"68","BLUEFIN_TAG_11","S2",1,2017-08-06 22:32:33,2017-08-06 22:32:33,46.0217242499999,-59.0199259374999
"69","BLUEFIN_TAG_11","S3",2,2017-08-06 22:25:47,2017-08-06 22:26:37,46.0218397070314,-59.0076991406253
"70","BLUEFIN_TAG_12","N19",2,2018-10-28 17:45:17,2018-10-28 17:46:39,46.2342877165354,-59.0474017322835
"71","BLUEFIN_TAG_13","N23",3,2019-06-22 18:41:27,2019-06-22 18:43:37,46.1616778076923,-59.2711725769233
"72","BLUEFIN_TAG_14","N1",2,2018-11-09 04:09:22,2018-11-09 04:10:19,46.1773207510729,-59.2236031759658
"73","BLUEFIN_TAG_14","N15",4,2018-11-09 04:04:31,2018-11-09 04:08:07,46.1734121895428,-59.2360301960789
"74","BLUEFIN_TAG_14","S11",3,2018-11-09 07:02:54,2018-11-09 07:04:49,46.0224201941747,-58.9037865048544
"75","BLUEFIN_TAG_14","S12",2,2018-11-09 07:06:55,2018-11-09 07:07:48,46.0220764528301,-58.8911098867924
"76","BLUEFIN_TAG_15","2021_003",3,2021-11-29 11:45:20,2021-11-29 11:47:32,45.9880766917293,-59.3075851127818
"77","BLUEFIN_TAG_15","2021_004",9,2021-11-29 11:51:14,2021-11-29 12:00:13,45.9877550306749,-59.2940050306747
"78","BLUEFIN_TAG_15","2021_005",1,2021-11-29 12:03:05,2021-11-29 12:03:05,45.9877987387387,-59.2798415315314
"79","BLUEFIN_TAG_15","2021_006",1,2021-12-04 05:25:07,2021-12-04 05:25:07,45.9879033333334,-59.2665762499999
"80","BLUEFIN_TAG_15","2021_011",2,2021-11-08 05:27:39,2021-11-08 05:29:12,45.9879442857143,-59.1990085714286
"81","BLUEFIN_TAG_15","2021_020",6,2021-11-07 22:14:34,2021-11-07 22:20:26,45.988557961165,-59.0790185436893
"82","BLUEFIN_TAG_17","N23",5,2019-06-28 06:53:21,2019-06-28 06:57:40,46.1616778076923,-59.2711725769233
"83","BLUEFIN_TAG_18","S4",2,2018-11-10 22:54:04,2018-11-10 22:57:02,46.0219072727273,-58.9949264772727
"84","BLUEFIN_TAG_18","S5",1,2018-11-10 22:55:27,2018-11-10 22:55:27,46.0218722159091,-58.9820525568182
"85","BLUEFIN_TAG_19","N12",4,2021-07-29 16:21:45,2021-07-29 16:26:27,46.2195009459459,-59.0942891216215
"86","BLUEFIN_TAG_19","N13",3,2021-07-29 16:25:45,2021-07-29 16:28:18,46.2002134575569,-59.1536598757767
"87","BLUEFIN_TAG_2","N10",20,2015-08-21 07:05:41,2015-08-21 07:28:19,46.211606017316,-59.1180730303031
"88","BLUEFIN_TAG_2","N11",19,2015-08-21 07:30:24,2015-08-21 07:45:00,46.2157523287671,-59.1061971232877
"89","BLUEFIN_TAG_2","N12",10,2015-08-21 07:45:42,2015-08-21 07:57:44,46.2195009459459,-59.0942891216215
"90","BLUEFIN_TAG_2","N13",12,2015-08-21 07:54:49,2015-08-21 08:06:22,46.2002134575569,-59.1536598757767
"91","BLUEFIN_TAG_2","N4",6,2015-08-21 02:24:08,2015-08-21 02:29:50,46.1890466981132,-59.1881770754717
"92","BLUEFIN_TAG_2","N5",24,2015-08-21 02:36:28,2015-08-21 04:10:37,46.1925420129872,-59.1766761038962
"93","BLUEFIN_TAG_2","N6",11,2015-08-21 03:23:51,2015-08-21 05:03:46,46.1965967910449,-59.1646832089553
"94","BLUEFIN_TAG_2","N8",20,2015-08-21 05:59:17,2015-08-21 06:34:45,46.2039218840581,-59.1414146376813
"95","BLUEFIN_TAG_2","N9",11,2015-08-21 06:38:18,2015-08-21 06:51:36,46.2079377927928,-59.1301640990991
"96","BLUEFIN_TAG_2","S10",7,2015-08-15 17:51:39,2015-08-21 22:17:20,46.0216522994652,-58.9172277005346
"97","BLUEFIN_TAG_2","S11",8,2015-08-21 14:58:23,2015-08-21 15:31:00,46.0224201941747,-58.9037865048544
"98","BLUEFIN_TAG_2","S3",7,2015-08-22 21:59:16,2015-08-23 16:48:22,46.0218397070314,-59.0076991406253
"99","BLUEFIN_TAG_2","S8",2,2015-08-21 16:53:35,2015-08-21 18:36:42,46.0218387878787,-58.9429490909091
"100","BLUEFIN_TAG_2","S9",5,2015-08-15 17:47:03,2015-08-21 22:34:24,46.0220081111111,-58.9299448888889
"101","BLUEFIN_TAG_20","N14",6,2020-11-02 12:23:48,2020-11-02 12:30:24,46.1695911111114,-59.2475088888884
"102","BLUEFIN_TAG_20","S22",4,2019-10-08 07:43:51,2019-10-08 07:46:53,46.0219909414761,-58.8260958269718
"103","BLUEFIN_TAG_20","S23",1,2019-10-08 07:38:01,2019-10-08 07:38:01,46.0220495135133,-58.8129980900895
"104","BLUEFIN_TAG_21","2021_029",1,2021-08-14 14:23:32,2021-08-14 14:23:32,46.0181196363636,-58.9729683636364
"105","BLUEFIN_TAG_21","2021_030",9,2021-08-14 14:22:07,2021-08-14 14:37:37,46.022955,-58.961485
"106","BLUEFIN_TAG_21","2021_031",4,2021-08-14 14:34:08,2021-08-14 14:38:39,46.02784,-58.95052
"107","BLUEFIN_TAG_22","2021_037",3,2021-11-14 01:19:40,2021-11-14 01:21:27,46.05779984375,-58.8839246875001
"108","BLUEFIN_TAG_23","N13",4,2020-07-31 10:37:32,2020-07-31 10:40:16,46.2002134575569,-59.1536598757767
"109","BLUEFIN_TAG_24","N20",5,2019-08-10 13:19:50,2019-08-10 13:28:34,46.2384125,-59.0359945312501
"110","BLUEFIN_TAG_25","N21",3,2019-11-02 00:40:04,2019-11-02 00:42:43,46.2424019000003,-59.0237359000001
"111","BLUEFIN_TAG_26","N21",2,2019-09-23 12:49:24,2019-09-23 12:51:35,46.2424019000003,-59.0237359000001
"112","BLUEFIN_TAG_26","N22",3,2019-09-23 12:38:49,2019-09-23 12:47:55,46.2465957142857,-59.0120753571429
"113","BLUEFIN_TAG_26","S11",1,2019-09-23 16:14:37,2019-09-23 16:14:37,46.0224201941747,-58.9037865048544
"114","BLUEFIN_TAG_27","S22",7,2019-08-23 02:58:58,2019-08-23 03:05:07,46.0219909414761,-58.8260958269718
"115","BLUEFIN_TAG_27","S23",8,2019-08-23 02:49:56,2019-08-23 02:57:10,46.0220495135133,-58.8129980900895
"116","BLUEFIN_TAG_28","N20",3,2021-07-24 15:09:24,2021-07-24 15:13:36,46.2384125,-59.0359945312501
"117","BLUEFIN_TAG_28","N21",7,2021-07-24 15:16:26,2021-07-24 15:21:50,46.2424019000003,-59.0237359000001
"118","BLUEFIN_TAG_29","S7",2,2020-08-11 02:23:01,2020-08-11 02:23:59,46.021813375,-58.9560386250001
"119","BLUEFIN_TAG_3","N1",4,2015-11-06 00:12:26,2015-11-06 00:24:42,46.1773207510729,-59.2236031759658
"120","BLUEFIN_TAG_30","2021_011",2,2022-06-25 18:50:05,2022-06-25 18:52:33,45.9879442857143,-59.1990085714286
"121","BLUEFIN_TAG_30","N1",2,2021-07-18 03:03:37,2021-07-18 03:04:46,46.1773207510729,-59.2236031759658
"122","BLUEFIN_TAG_30","N13",3,2021-07-18 03:45:42,2021-07-18 03:47:30,46.2002134575569,-59.1536598757767
"123","BLUEFIN_TAG_30","N14",5,2021-07-18 03:28:28,2021-07-18 03:34:48,46.1695911111114,-59.2475088888884
"124","BLUEFIN_TAG_30","N15",1,2021-07-18 03:23:35,2021-07-18 03:23:35,46.1734121895428,-59.2360301960789
"125","BLUEFIN_TAG_30","N23",5,2021-07-18 03:58:00,2021-07-18 04:04:21,46.1616778076923,-59.2711725769233
"126","BLUEFIN_TAG_30","S17",5,2021-07-17 22:48:06,2021-07-17 22:53:15,46.0217340175442,-59.0594905614035
"127","BLUEFIN_TAG_30","S18",5,2021-07-17 22:54:39,2021-07-17 23:00:58,46.0216584769538,-59.0470035270543
"128","BLUEFIN_TAG_31","2021_013",3,2021-11-23 15:58:13,2021-11-23 15:59:54,45.9878044,-59.1707873000001
"129","BLUEFIN_TAG_32","2021_005",2,2021-11-16 10:53:33,2021-11-16 10:54:59,45.9877987387387,-59.2798415315314
"130","BLUEFIN_TAG_32","N1",2,2021-06-15 16:37:31,2021-06-15 16:38:30,46.1773207510729,-59.2236031759658
"131","BLUEFIN_TAG_32","S14",3,2021-06-15 12:46:18,2021-06-15 12:49:15,46.0216494236768,-59.0984821806845
"132","BLUEFIN_TAG_33","2021_004",7,2021-09-08 05:58:57,2021-09-08 06:05:38,45.9877550306749,-59.2940050306747
"133","BLUEFIN_TAG_34","2021_020",2,2022-06-20 21:10:38,2022-06-20 21:11:38,45.988557961165,-59.0790185436893
"134","BLUEFIN_TAG_34","2021_021",6,2022-06-20 21:13:05,2022-06-20 21:18:10,45.988069382716,-59.0642393827161
"135","BLUEFIN_TAG_35","2021_001",7,2021-11-02 16:36:29,2021-11-03 06:48:39,45.9879952136752,-59.3334999999999
"136","BLUEFIN_TAG_35","2021_002",16,2021-11-03 06:29:16,2021-11-03 06:47:37,45.98769,-59.32067
"137","BLUEFIN_TAG_35","2021_003",7,2021-11-03 06:16:56,2021-11-03 06:28:25,45.9880766917293,-59.3075851127818
"138","BLUEFIN_TAG_35","2021_004",21,2021-11-03 05:44:35,2021-11-03 06:09:56,45.9877550306749,-59.2940050306747
"139","BLUEFIN_TAG_35","2021_005",43,2021-11-03 04:29:38,2021-11-03 05:48:51,45.9877987387387,-59.2798415315314
"140","BLUEFIN_TAG_35","2021_006",27,2021-11-03 03:17:17,2021-11-03 03:50:06,45.9879033333334,-59.2665762499999
"141","BLUEFIN_TAG_35","2021_008",20,2021-11-03 01:10:26,2021-11-03 02:55:52,45.9879725,-59.2401475
"142","BLUEFIN_TAG_35","2021_009",17,2021-11-03 01:21:24,2021-11-03 02:27:51,45.988321038961,-59.2250048051948
"143","BLUEFIN_TAG_35","2021_028",2,2022-10-02 21:07:46,2022-10-02 21:08:55,46.01304,-58.98382
"144","BLUEFIN_TAG_35","2021_036",6,2022-07-08 08:10:13,2022-07-08 08:18:34,46.0528509090909,-58.895013409091
"145","BLUEFIN_TAG_35","2021_037",6,2021-11-04 08:04:04,2022-07-08 08:09:13,46.05779984375,-58.8839246875001
"146","BLUEFIN_TAG_35","2021_038",1,2021-11-04 08:10:34,2021-11-04 08:10:34,46.0626299999999,-58.8728099999999
"147","BLUEFIN_TAG_35","S3",3,2020-10-22 13:00:32,2020-10-22 13:04:24,46.0218397070314,-59.0076991406253
"148","BLUEFIN_TAG_35","S4",3,2020-10-22 13:07:44,2020-10-22 13:10:14,46.0219072727273,-58.9949264772727
"149","BLUEFIN_TAG_36","2021_029",2,2021-11-08 09:16:39,2021-11-08 09:18:47,46.0181196363636,-58.9729683636364
"150","BLUEFIN_TAG_36","2021_030",4,2021-11-08 09:20:01,2021-11-08 09:22:40,46.022955,-58.961485
"151","BLUEFIN_TAG_37","2021_001",1,2021-11-12 09:06:58,2021-11-12 09:06:58,45.9879952136752,-59.3334999999999
"152","BLUEFIN_TAG_37","2021_002",2,2021-11-12 09:09:27,2021-11-12 09:11:42,45.98769,-59.32067
"153","BLUEFIN_TAG_38","2021_001",4,2021-09-27 14:00:50,2021-09-27 14:04:15,45.9879952136752,-59.3334999999999
"154","BLUEFIN_TAG_39","2021_011",2,2022-08-05 12:30:25,2022-08-05 12:31:31,45.9879442857143,-59.1990085714286
"155","BLUEFIN_TAG_39","2021_027",7,2024-07-01 19:21:48,2024-07-01 19:28:06,46.0083632926829,-58.9948780487805
"156","BLUEFIN_TAG_4","N1",1,2015-10-30 11:50:30,2015-10-30 11:50:30,46.1773207510729,-59.2236031759658
"157","BLUEFIN_TAG_4","N2",1,2018-08-26 05:00:07,2018-08-26 05:00:07,46.1812410599078,-59.2119099539171
"158","BLUEFIN_TAG_4","S12",6,2017-10-29 15:03:51,2017-10-29 15:12:10,46.0220764528301,-58.8911098867924
"159","BLUEFIN_TAG_4","S13",6,2017-10-29 14:54:32,2017-10-29 15:02:16,46.0217610204081,-58.8780648299319
"160","BLUEFIN_TAG_4","S6",1,2018-08-25 23:46:00,2018-08-25 23:46:00,46.0217554878049,-58.9691136585366
"161","BLUEFIN_TAG_4","S7",1,2018-08-25 23:36:38,2018-08-25 23:36:38,46.021813375,-58.9560386250001
"162","BLUEFIN_TAG_40","2021_036",5,2021-09-22 23:31:42,2021-09-22 23:35:30,46.0528509090909,-58.895013409091
"163","BLUEFIN_TAG_40","2021_037",1,2021-09-22 23:39:11,2021-09-22 23:39:11,46.05779984375,-58.8839246875001
"164","BLUEFIN_TAG_41","2021_041",2,2021-10-03 00:26:33,2021-10-03 00:28:49,46.0770484444445,-58.8401684444444
"165","BLUEFIN_TAG_41","2021_042",5,2021-10-03 00:27:51,2021-10-03 00:33:13,46.08203,-58.82902
"166","BLUEFIN_TAG_42","2021_012",2,2021-10-04 17:25:34,2021-10-04 17:27:04,45.9881194827586,-59.1855979310345
"167","BLUEFIN_TAG_43","2021_012",3,2023-10-06 15:36:37,2023-10-06 15:39:39,45.9881194827586,-59.1855979310345
"168","BLUEFIN_TAG_43","2021_013",5,2023-10-06 15:46:24,2023-10-06 15:51:41,45.9878044,-59.1707873000001
"169","BLUEFIN_TAG_43","2021_021",6,2022-07-06 07:14:12,2022-07-06 07:19:36,45.988069382716,-59.0642393827161
"170","BLUEFIN_TAG_44","2021_009",4,2022-12-14 19:54:53,2022-12-14 19:58:23,45.988321038961,-59.2250048051948
"171","BLUEFIN_TAG_44","2021_010",4,2022-12-14 19:59:04,2022-12-14 20:02:00,45.9880955102041,-59.2125887755102
"172","BLUEFIN_TAG_45","2021_003",5,2022-10-11 01:49:08,2022-10-11 01:58:06,45.9880766917293,-59.3075851127818
"173","BLUEFIN_TAG_45","2021_004",10,2022-10-11 01:38:44,2022-10-11 01:48:33,45.9877550306749,-59.2940050306747
"174","BLUEFIN_TAG_45","2021_005",2,2022-10-11 01:32:51,2022-10-11 01:37:01,45.9877987387387,-59.2798415315314
"175","BLUEFIN_TAG_46","2021_003",2,2022-10-06 19:27:08,2022-10-06 19:27:58,45.9880766917293,-59.3075851127818
"176","BLUEFIN_TAG_46","2021_004",3,2022-10-06 19:24:00,2022-10-06 19:26:12,45.9877550306749,-59.2940050306747
"177","BLUEFIN_TAG_46","2021_005",2,2022-10-06 19:16:13,2022-10-06 19:17:12,45.9877987387387,-59.2798415315314
"178","BLUEFIN_TAG_46","2021_043",1,2022-10-06 14:27:49,2022-10-06 14:27:49,46.0870213114754,-58.8179034426229
"179","BLUEFIN_TAG_46","2021_044",4,2022-10-06 14:04:10,2022-10-06 14:16:31,46.0916781081081,-58.8069345945946
"180","BLUEFIN_TAG_46","2021_045",5,2022-10-06 14:03:25,2022-10-06 14:09:52,46.0967629268293,-58.7963431707316
"181","BLUEFIN_TAG_46","2021_046",7,2022-10-06 13:52:07,2022-10-06 14:01:08,46.1016862711861,-58.7853925423731
"182","BLUEFIN_TAG_48","2021_012",5,2022-09-26 01:18:09,2022-09-26 01:22:07,45.9881194827586,-59.1855979310345
"183","BLUEFIN_TAG_49","2021_026",1,2022-09-26 06:14:40,2022-09-26 06:14:40,46.0032672916667,-59.0062927083333
"184","BLUEFIN_TAG_49","2021_027",4,2022-09-26 06:10:52,2022-09-26 06:15:24,46.0083632926829,-58.9948780487805
"185","BLUEFIN_TAG_50","2021_003",2,2023-08-10 21:27:13,2023-08-10 21:28:16,45.9880766917293,-59.3075851127818
"186","BLUEFIN_TAG_50","2021_018",2,2023-11-17 23:01:39,2023-11-17 23:06:01,45.9885546086957,-59.1056129565219
"187","BLUEFIN_TAG_50","2021_019",8,2023-11-17 22:47:59,2023-11-17 22:56:14,45.9883137113401,-59.0919263917525
"188","BLUEFIN_TAG_50","2021_020",8,2023-11-17 22:33:09,2023-11-17 22:45:03,45.988557961165,-59.0790185436893
"189","BLUEFIN_TAG_50","2021_021",2,2023-11-17 22:14:59,2023-11-17 22:15:37,45.988069382716,-59.0642393827161
"190","BLUEFIN_TAG_50","2021_022",3,2023-11-17 22:04:32,2023-11-17 22:08:08,45.9881643023255,-59.0521934883721
"191","BLUEFIN_TAG_50","2021_045",4,2023-11-17 10:49:19,2023-11-17 10:56:51,46.0967629268293,-58.7963431707316
"192","BLUEFIN_TAG_50","2021_046",8,2023-11-17 10:50:34,2023-11-17 13:29:36,46.1016862711861,-58.7853925423731
"193","BLUEFIN_TAG_51","2021_001",7,2024-07-23 17:58:47,2024-07-23 18:05:58,45.9879952136752,-59.3334999999999
"194","BLUEFIN_TAG_51","2021_008",4,2022-09-29 14:59:27,2022-09-29 15:07:31,45.9879725,-59.2401475
"195","BLUEFIN_TAG_52","2021_001",6,2022-10-02 00:14:43,2022-10-02 00:21:31,45.9879952136752,-59.3334999999999
"196","BLUEFIN_TAG_52","2021_003",1,2022-10-02 00:03:40,2022-10-02 00:03:40,45.9880766917293,-59.3075851127818
"197","BLUEFIN_TAG_53","2021_011",4,2023-06-21 02:58:13,2023-06-21 03:01:36,45.9879442857143,-59.1990085714286
"198","BLUEFIN_TAG_53","2021_012",3,2023-06-21 02:48:31,2023-06-21 02:53:33,45.9881194827586,-59.1855979310345
"199","BLUEFIN_TAG_53","2021_032",3,2022-11-15 19:33:32,2022-11-15 19:36:10,46.0330002702703,-58.939732972973
"200","BLUEFIN_TAG_54","2021_011",3,2022-09-18 12:48:58,2022-09-18 12:51:04,45.9879442857143,-59.1990085714286
"201","BLUEFIN_TAG_55","2021_004",3,2023-10-28 11:09:37,2023-10-28 11:12:35,45.9877550306749,-59.2940050306747
"202","BLUEFIN_TAG_55","2021_032",1,2023-08-21 21:45:23,2023-08-21 21:45:23,46.0330002702703,-58.939732972973
"203","BLUEFIN_TAG_55","2021_033",2,2022-10-16 05:01:42,2022-10-16 05:10:58,46.03757,-58.92871
"204","BLUEFIN_TAG_55","2021_034",6,2022-10-16 04:57:41,2022-10-16 05:08:13,46.0427126530612,-58.9175971428571
"205","BLUEFIN_TAG_55","2021_043",1,2022-11-10 12:22:10,2022-11-10 12:22:10,46.0870213114754,-58.8179034426229
"206","BLUEFIN_TAG_56","2021_009",2,2022-09-25 18:12:23,2022-09-25 18:13:56,45.988321038961,-59.2250048051948
"207","BLUEFIN_TAG_57","2021_034",3,2022-11-29 18:58:05,2022-11-29 18:59:20,46.0427126530612,-58.9175971428571
"208","BLUEFIN_TAG_57","2021_035",3,2022-11-29 18:54:37,2022-11-29 18:56:51,46.0477045454545,-58.9062140909091
"209","BLUEFIN_TAG_58","2021_010",6,2022-09-29 10:43:11,2022-09-29 10:47:52,45.9880955102041,-59.2125887755102
"210","BLUEFIN_TAG_59","2021_003",2,2023-09-29 05:19:35,2023-09-29 05:20:59,45.9880766917293,-59.3075851127818
"211","BLUEFIN_TAG_6","N15",1,2017-07-04 23:10:11,2017-07-04 23:10:11,46.1734121895428,-59.2360301960789
"212","BLUEFIN_TAG_6","S1",2,2015-10-25 12:51:20,2015-10-25 12:57:00,46.0217821698113,-59.0337486320757
"213","BLUEFIN_TAG_6","S2",1,2015-10-25 12:49:40,2015-10-25 12:49:40,46.0217242499999,-59.0199259374999
"214","BLUEFIN_TAG_60","2021_040",2,2023-09-26 21:00:33,2023-09-26 21:02:31,46.07244359375,-58.8508815625
"215","BLUEFIN_TAG_61","2021_039",3,2023-09-28 14:48:33,2023-09-28 14:50:07,46.06739875,-58.8619451923075
"216","BLUEFIN_TAG_62","2021_001",5,2023-10-03 22:14:12,2023-10-03 22:19:04,45.9879952136752,-59.3334999999999
"217","BLUEFIN_TAG_63","2021_024",3,2023-11-09 14:57:14,2023-11-09 14:59:39,45.9934026785714,-59.0278394642856
"218","BLUEFIN_TAG_63","2021_025",2,2023-11-09 14:54:33,2023-11-09 14:55:47,45.9981928,-59.017304
"219","BLUEFIN_TAG_64","2021_023",3,2023-10-21 10:05:00,2023-10-21 10:08:03,45.9881801408451,-59.0387242253522
"220","BLUEFIN_TAG_65","2021_013",3,2023-10-03 17:37:40,2023-10-03 17:40:43,45.9878044,-59.1707873000001
"221","BLUEFIN_TAG_7","N1",6,2015-07-29 11:52:30,2015-07-29 11:59:16,46.1773207510729,-59.2236031759658
"222","BLUEFIN_TAG_7","N10",5,2015-07-29 09:56:56,2015-07-29 10:01:48,46.211606017316,-59.1180730303031
"223","BLUEFIN_TAG_7","N2",1,2015-07-29 11:41:02,2015-07-29 11:41:02,46.1812410599078,-59.2119099539171
"224","BLUEFIN_TAG_7","N3",10,2015-07-29 11:36:07,2016-10-27 04:06:11,46.1841454838711,-59.2004729032259
"225","BLUEFIN_TAG_7","N4",10,2016-10-27 04:16:51,2016-11-10 13:04:09,46.1890466981132,-59.1881770754717
"226","BLUEFIN_TAG_7","N5",11,2016-10-27 04:29:52,2016-10-27 04:37:32,46.1925420129872,-59.1766761038962
"227","BLUEFIN_TAG_7","N6",8,2016-10-27 04:43:51,2016-10-27 04:51:48,46.1965967910449,-59.1646832089553
"228","BLUEFIN_TAG_8","S21",13,2017-08-15 05:24:17,2017-08-15 05:37:49,46.0217965127016,-58.8395618475753
"229","BLUEFIN_TAG_9","N5",1,2019-07-17 19:35:30,2019-07-17 19:35:30,46.1925420129872,-59.1766761038962
"230","BLUEFIN_TAG_9","N6",3,2019-07-17 19:29:24,2019-07-17 19:31:21,46.1965967910449,-59.1646832089553
"231","BLUESH_MFSAR_1","N2",10,2016-09-22 19:31:44,2016-09-22 19:59:15,46.1812410599078,-59.2119099539171
"232","BLUESH_MFSAR_1","N3",3,2016-09-22 20:17:17,2016-09-22 20:23:09,46.1841454838711,-59.2004729032259
"233","BLUESH_MFSAR_2","N2",3,2016-10-01 07:18:08,2016-10-01 07:26:08,46.1812410599078,-59.2119099539171
"234","BLUESH_MFSAR_2","N20",1,2016-10-02 01:02:12,2016-10-02 01:02:12,46.2384125,-59.0359945312501
"235","BLUESH_MFSAR_2","N21",14,2016-10-02 01:23:22,2016-10-02 04:06:29,46.2424019000003,-59.0237359000001
"236","BLUESH_MFSAR_2","N3",30,2016-10-01 04:44:48,2016-10-01 08:00:12,46.1841454838711,-59.2004729032259
"237","BLUESH_MFSAR_2","N4",7,2016-10-01 08:03:08,2016-10-01 08:39:52,46.1890466981132,-59.1881770754717
"238","BLUESH_MFSAR_2","N5",8,2016-10-01 08:49:58,2016-10-01 09:26:07,46.1925420129872,-59.1766761038962
"239","BLUESH_MFSAR_2","N6",13,2016-10-01 09:34:28,2016-10-01 10:19:45,46.1965967910449,-59.1646832089553
"240","BLUESH_MFSAR_2","N7",16,2016-10-01 10:21:59,2016-10-01 11:24:50,46.2003244444443,-59.1532547494557
"241","BLUESH_MFSAR_2","N8",19,2016-10-01 11:17:42,2016-10-01 12:39:45,46.2039218840581,-59.1414146376813
"242","BLUESH_MFSAR_2","N9",9,2016-10-01 12:43:15,2016-10-01 13:14:32,46.2079377927928,-59.1301640990991
"243","BLUESH_MFSAR_5","S1",3,2019-09-25 15:49:58,2019-09-25 15:55:31,46.0217821698113,-59.0337486320757
"244","BLUESH_MFSAR_5","S16",2,2019-09-25 16:52:08,2019-09-25 16:54:24,46.0218315856105,-59.072737135245
"245","BLUESH_MFSAR_5","S17",2,2019-09-25 16:32:09,2019-09-25 16:35:11,46.0217340175442,-59.0594905614035
"246","BLUESH_MFSAR_5","S18",1,2019-09-25 16:06:13,2019-09-25 16:06:13,46.0216584769538,-59.0470035270543
"247","BLUESH_MFSAR_5","S3",1,2019-09-25 15:03:36,2019-09-25 15:03:36,46.0218397070314,-59.0076991406253
"248","BLUESH_MFSAR_5","S4",1,2019-09-25 14:41:35,2019-09-25 14:41:35,46.0219072727273,-58.9949264772727
"249","BLUESH_MFSAR_5","S6",2,2019-09-25 13:53:59,2019-09-25 13:56:16,46.0217554878049,-58.9691136585366
"250","BLUESH_MFSAR_6","N13",9,2019-08-21 02:50:51,2019-08-21 03:17:54,46.2002134575569,-59.1536598757767
"251","BLUESH_MFSAR_6","N17",3,2019-08-21 02:46:31,2019-08-21 02:52:15,46.2269058,-59.0712372
"252","BLUESH_MFSAR_6","N6",1,2019-08-31 17:23:48,2019-08-31 17:23:48,46.1965967910449,-59.1646832089553
"253","BLUESH_MFSAR_6","N7",3,2019-08-31 17:16:50,2019-08-31 17:21:44,46.2003244444443,-59.1532547494557
"254","BLUESH_MFSAR_6","S13",7,2019-08-01 11:14:18,2019-08-29 20:47:01,46.0217610204081,-58.8780648299319
"255","BLUESH_MFSAR_6","S19",8,2019-08-01 10:52:40,2019-08-01 11:12:29,46.0217368644067,-58.8646719491525
"256","BLUESH_NSBS_1","N12",10,2017-07-20 11:14:32,2017-07-20 11:38:55,46.2195009459459,-59.0942891216215
"257","BLUESH_NSBS_1","N9",10,2016-09-07 04:03:29,2016-09-07 04:22:02,46.2079377927928,-59.1301640990991
"258","BLUESH_NSBS_1","S1",1,2017-10-12 12:46:32,2017-10-12 12:46:32,46.0217821698113,-59.0337486320757
"259","BLUESH_NSBS_1","S10",12,2017-10-06 12:23:19,2017-10-06 12:43:36,46.0216522994652,-58.9172277005346
"260","BLUESH_NSBS_1","S16",4,2017-07-19 20:02:47,2017-07-19 20:10:21,46.0218315856105,-59.072737135245
"261","BLUESH_NSBS_1","S21",7,2017-10-13 19:44:49,2017-10-13 20:02:34,46.0217965127016,-58.8395618475753
"262","BLUESH_NSBS_1","S22",2,2016-09-07 15:10:04,2016-09-07 15:12:06,46.0219909414761,-58.8260958269718
"263","BLUESH_NSBS_1","S23",8,2016-09-07 15:17:25,2016-09-07 15:29:50,46.0220495135133,-58.8129980900895
"264","BLUESH_NSBS_10","2021_037",1,2022-09-09 18:13:00,2022-09-09 18:13:00,46.05779984375,-58.8839246875001
"265","BLUESH_NSBS_10","2021_038",15,2022-09-09 18:16:35,2022-09-09 19:01:07,46.0626299999999,-58.8728099999999
"266","BLUESH_NSBS_10","2021_039",9,2022-09-09 19:03:03,2022-09-09 19:21:23,46.06739875,-58.8619451923075
"267","BLUESH_NSBS_11","2021_044",6,2024-07-23 17:56:39,2024-07-23 18:09:10,46.0916781081081,-58.8069345945946
"268","BLUESH_NSBS_11","2021_045",3,2024-07-23 18:02:19,2024-07-23 18:10:53,46.0967629268293,-58.7963431707316
"269","BLUESH_NSBS_11","2021_046",11,2024-07-25 04:38:11,2024-07-25 05:00:36,46.1016862711861,-58.7853925423731
"270","BLUESH_NSBS_13","2021_036",1,2023-11-07 03:56:42,2023-11-07 03:56:42,46.0528509090909,-58.895013409091
"271","BLUESH_NSBS_13","2021_037",6,2023-11-07 03:42:02,2023-11-07 03:54:03,46.05779984375,-58.8839246875001
"272","BLUESH_NSBS_2","N11",5,2015-09-05 10:43:25,2015-09-05 10:54:16,46.2157523287671,-59.1061971232877
"273","BLUESH_NSBS_2","N12",19,2015-09-05 10:53:30,2015-09-05 11:28:31,46.2195009459459,-59.0942891216215
"274","BLUESH_NSBS_2","N13",19,2015-09-05 11:30:36,2015-09-22 01:25:49,46.2002134575569,-59.1536598757767
"275","BLUESH_NSBS_2","N19",13,2016-08-06 14:52:07,2016-08-06 15:19:27,46.2342877165354,-59.0474017322835
"276","BLUESH_NSBS_2","N2",5,2015-08-26 12:23:00,2015-08-26 12:32:03,46.1812410599078,-59.2119099539171
"277","BLUESH_NSBS_2","N3",3,2015-08-26 12:17:31,2015-08-26 12:21:23,46.1841454838711,-59.2004729032259
"278","BLUESH_NSBS_2","N7",17,2015-08-17 14:28:16,2015-08-17 15:03:32,46.2003244444443,-59.1532547494557
"279","BLUESH_NSBS_2","S1",1,2015-08-19 11:01:49,2015-08-19 11:01:49,46.0217821698113,-59.0337486320757
"280","BLUESH_NSBS_3","N10",3,2016-08-10 22:59:08,2016-08-10 23:03:18,46.211606017316,-59.1180730303031
"281","BLUESH_NSBS_3","N18",11,2016-08-11 03:51:04,2016-08-11 04:15:00,46.2309723529412,-59.0589934224599
"282","BLUESH_NSBS_3","N19",5,2016-08-11 04:01:25,2016-08-11 04:56:02,46.2342877165354,-59.0474017322835
"283","BLUESH_NSBS_3","N20",25,2016-08-11 05:19:39,2016-08-11 06:11:59,46.2384125,-59.0359945312501
"284","BLUESH_NSBS_3","N8",14,2016-08-10 21:52:05,2016-08-10 22:24:51,46.2039218840581,-59.1414146376813
"285","BLUESH_NSBS_3","N9",12,2016-08-10 22:32:02,2016-08-10 22:57:17,46.2079377927928,-59.1301640990991
"286","BLUESH_NSBS_3","S10",10,2015-10-19 03:22:23,2015-10-19 03:40:20,46.0216522994652,-58.9172277005346
"287","BLUESH_NSBS_3","S12",6,2016-09-15 02:08:13,2016-09-15 02:24:20,46.0220764528301,-58.8911098867924
"288","BLUESH_NSBS_3","S13",4,2016-09-15 02:30:31,2016-09-15 02:39:55,46.0217610204081,-58.8780648299319
"289","BLUESH_NSBS_3","S2",1,2016-09-19 08:33:06,2016-09-19 08:33:06,46.0217242499999,-59.0199259374999
"290","BLUESH_NSBS_3","S3",17,2016-09-19 08:02:53,2016-09-19 08:36:46,46.0218397070314,-59.0076991406253
"291","BLUESH_NSBS_4","N17",7,2018-10-02 02:47:55,2018-10-02 03:02:35,46.2269058,-59.0712372
"292","BLUESH_NSBS_5","S2",8,2018-08-29 23:13:36,2018-08-29 23:27:15,46.0217242499999,-59.0199259374999
"293","BLUESH_NSBS_6","S10",7,2015-08-18 04:27:24,2015-08-18 04:39:25,46.0216522994652,-58.9172277005346
"294","BLUESH_NSBS_6","S11",7,2015-08-18 04:43:20,2015-08-18 04:54:15,46.0224201941747,-58.9037865048544
"295","BLUESH_NSBS_6","S12",2,2015-08-18 04:59:36,2015-08-18 05:01:17,46.0220764528301,-58.8911098867924
"296","BLUESH_NSBS_6","S7",4,2015-08-18 03:42:02,2015-08-18 03:47:05,46.021813375,-58.9560386250001
"297","BLUESH_NSBS_6","S8",6,2015-08-18 03:57:57,2015-08-18 04:09:29,46.0218387878787,-58.9429490909091
"298","BLUESH_NSBS_6","S9",7,2015-08-18 04:11:10,2015-08-18 04:24:06,46.0220081111111,-58.9299448888889
"299","BLUESH_NSBS_7","S20",2,2019-07-28 20:39:21,2019-07-28 20:41:23,46.021635914454,-58.8518733628312
"300","BLUESH_NSBS_7","S21",12,2019-07-28 20:45:10,2019-07-28 21:05:34,46.0217965127016,-58.8395618475753
"301","BLUESH_NSBS_7","S22",2,2019-07-28 21:22:12,2019-07-28 21:23:56,46.0219909414761,-58.8260958269718
"302","BLUESH_NSBS_8","2021_035",2,2022-07-23 12:18:25,2022-07-23 12:20:28,46.0477045454545,-58.9062140909091
"303","BLUESH_NSBS_8","2021_036",25,2022-07-23 11:24:31,2022-07-23 12:16:20,46.0528509090909,-58.895013409091
"304","BLUESH_NSBS_9","2021_005",3,2023-08-02 23:30:20,2023-08-02 23:39:33,45.9877987387387,-59.2798415315314
"305","BLUESH_NSBS_9","2021_006",5,2023-08-02 23:45:35,2023-08-02 23:53:05,45.9879033333334,-59.2665762499999
"306","BLUESH_NSBS_9","2021_029",8,2022-08-17 18:31:06,2022-08-17 18:46:23,46.0181196363636,-58.9729683636364
"307","BLUESH_NSBS_9","2021_030",1,2022-08-17 18:05:27,2022-08-17 18:05:27,46.022955,-58.961485
"308","COD_SBICOD_1","2021_013",12,2024-01-04 06:26:31,2024-01-04 06:50:18,45.9878044,-59.1707873000001
"309","COD_SBICOD_1","2021_014",6,2024-01-04 07:01:57,2024-01-04 07:21:20,45.9884536708861,-59.1584307594937
"310","COD_SGS_1","N18",18,2016-07-27 03:11:25,2016-07-27 03:40:51,46.2309723529412,-59.0589934224599
"311","COD_SGS_1","N19",18,2016-07-27 03:49:04,2016-07-27 04:29:32,46.2342877165354,-59.0474017322835
"312","COD_SGS_1","S10",78,2016-07-04 08:15:48,2016-07-04 11:16:52,46.0216522994652,-58.9172277005346
"313","COD_SGS_1","S11",13,2016-07-04 05:42:09,2016-07-04 06:27:39,46.0224201941747,-58.9037865048544
"314","COD_SGS_1","S12",27,2016-07-04 03:10:00,2016-07-28 16:38:16,46.0220764528301,-58.8911098867924
"315","COD_SGS_1","S17",2,2017-07-07 23:23:28,2017-07-07 23:25:54,46.0217340175442,-59.0594905614035
"316","COD_SGS_1","S18",1,2017-07-07 23:30:39,2017-07-07 23:30:39,46.0216584769538,-59.0470035270543
"317","COD_SGS_1","S19",49,2016-07-02 22:00:17,2017-05-01 20:46:56,46.0217368644067,-58.8646719491525
"318","COD_SGS_1","S20",6,2016-07-02 20:29:53,2016-07-02 20:42:02,46.021635914454,-58.8518733628312
"319","COD_SGS_1","S21",17,2016-07-02 19:47:30,2016-07-02 20:06:07,46.0217965127016,-58.8395618475753
"320","COD_SGS_1","S22",12,2016-07-02 19:08:42,2016-07-02 19:34:56,46.0219909414761,-58.8260958269718
"321","COD_SGS_1","S6",20,2017-07-14 11:47:50,2017-07-14 12:45:35,46.0217554878049,-58.9691136585366
"322","COD_SGS_1","S7",19,2017-07-14 12:57:15,2017-07-14 13:15:16,46.021813375,-58.9560386250001
"323","COD_SGS_1","S8",12,2017-07-14 13:45:02,2017-07-14 13:59:00,46.0218387878787,-58.9429490909091
"324","COD_SGS_1","S9",9,2016-07-04 12:50:13,2016-07-04 13:05:12,46.0220081111111,-58.9299448888889
"325","COD_SGS_10","S1",20,2016-06-19 08:02:27,2016-06-19 08:36:56,46.0217821698113,-59.0337486320757
"326","COD_SGS_10","S19",28,2016-06-22 00:05:59,2016-06-22 01:16:22,46.0217368644067,-58.8646719491525
"327","COD_SGS_10","S6",15,2016-06-19 08:44:57,2016-06-19 09:07:08,46.0217554878049,-58.9691136585366
"328","COD_SGS_11","N12",5,2017-10-25 01:04:00,2017-10-25 10:17:38,46.2195009459459,-59.0942891216215
"329","COD_SGS_11","N13",24,2017-10-24 22:14:49,2017-10-24 23:48:54,46.2002134575569,-59.1536598757767
"330","COD_SGS_11","N17",12,2017-10-24 00:08:04,2017-10-24 21:40:43,46.2269058,-59.0712372
"331","COD_SGS_11","N18",89,2017-10-23 22:18:58,2017-10-25 18:36:47,46.2309723529412,-59.0589934224599
"332","COD_SGS_11","N4",25,2017-06-02 14:03:11,2017-06-02 15:01:14,46.1890466981132,-59.1881770754717
"333","COD_SGS_11","S15",12,2017-06-03 07:56:39,2017-06-03 08:07:50,46.0216567833793,-59.0852207195076
"334","COD_SGS_11","S23",9,2017-11-08 00:40:49,2017-11-08 01:01:27,46.0220495135133,-58.8129980900895
"335","COD_SGS_11","S4",16,2017-12-09 17:22:01,2017-12-09 17:42:54,46.0219072727273,-58.9949264772727
"336","COD_SGS_12","N1",51,2017-06-02 18:43:31,2017-06-02 19:48:10,46.1773207510729,-59.2236031759658
"337","COD_SGS_12","N9",16,2018-04-23 23:50:03,2018-04-24 00:09:32,46.2079377927928,-59.1301640990991
"338","COD_SGS_13","S14",243,2016-06-18 07:54:28,2016-06-18 16:11:43,46.0216494236768,-59.0984821806845
"339","COD_SGS_13","S15",1,2016-06-18 18:52:15,2016-06-18 18:52:15,46.0216567833793,-59.0852207195076
"340","COD_SGS_14","N10",36,2017-05-10 18:40:11,2017-06-16 04:14:38,46.211606017316,-59.1180730303031
"341","COD_SGS_14","N11",13,2017-05-11 13:34:53,2017-06-16 05:33:26,46.2157523287671,-59.1061971232877
"342","COD_SGS_14","N3",5,2018-08-25 22:10:24,2018-08-25 23:09:49,46.1841454838711,-59.2004729032259
"343","COD_SGS_14","N9",6,2017-06-16 02:36:44,2017-06-16 02:42:36,46.2079377927928,-59.1301640990991
"344","COD_SGS_15","S14",34,2016-06-18 04:19:42,2016-06-18 05:27:07,46.0216494236768,-59.0984821806845
"345","COD_SGS_16","S1",61,2016-06-20 23:49:55,2016-06-21 01:41:24,46.0217821698113,-59.0337486320757
"346","COD_SGS_16","S5",94,2016-06-20 21:44:11,2016-06-20 23:35:45,46.0218722159091,-58.9820525568182
"347","COD_SGS_16","S6",8,2016-06-21 02:13:27,2016-06-21 02:36:20,46.0217554878049,-58.9691136585366
"348","COD_SGS_17","S10",25,2016-12-12 02:22:52,2017-03-15 17:34:55,46.0216522994652,-58.9172277005346
"349","COD_SGS_17","S11",29,2016-12-12 03:01:32,2017-03-15 18:32:41,46.0224201941747,-58.9037865048544
"350","COD_SGS_17","S12",28,2017-03-15 19:01:05,2017-03-15 19:38:55,46.0220764528301,-58.8911098867924
"351","COD_SGS_17","S13",22,2016-12-12 07:42:13,2017-03-15 20:19:47,46.0217610204081,-58.8780648299319
"352","COD_SGS_17","S14",111,2016-07-05 20:08:14,2016-11-27 13:45:03,46.0216494236768,-59.0984821806845
"353","COD_SGS_17","S15",121,2016-07-06 00:33:47,2016-11-27 11:55:16,46.0216567833793,-59.0852207195076
"354","COD_SGS_17","S16",74,2016-07-06 09:50:46,2016-11-27 09:54:24,46.0218315856105,-59.072737135245
"355","COD_SGS_17","S17",256,2016-07-06 13:38:12,2016-12-09 21:57:55,46.0217340175442,-59.0594905614035
"356","COD_SGS_17","S18",44,2016-07-07 01:06:59,2016-07-10 22:02:43,46.0216584769538,-59.0470035270543
"357","COD_SGS_17","S19",32,2016-12-12 08:58:03,2016-12-12 09:40:46,46.0217368644067,-58.8646719491525
"358","COD_SGS_17","S4",15,2016-07-14 12:37:07,2016-07-14 13:23:07,46.0219072727273,-58.9949264772727
"359","COD_SGS_17","S8",38,2016-12-12 00:44:32,2017-03-15 15:41:33,46.0218387878787,-58.9429490909091
"360","COD_SGS_17","S9",40,2016-12-12 01:26:25,2017-03-15 16:46:50,46.0220081111111,-58.9299448888889
"361","COD_SGS_18","S15",5,2016-06-18 06:26:42,2016-06-18 07:08:54,46.0216567833793,-59.0852207195076
"362","COD_SGS_19","N1",23,2016-07-07 22:07:19,2016-07-07 22:55:49,46.1773207510729,-59.2236031759658
"363","COD_SGS_19","N15",2,2016-07-07 21:42:38,2016-07-07 22:23:14,46.1734121895428,-59.2360301960789
"364","COD_SGS_2","S18",8,2016-06-17 07:25:14,2016-06-17 09:05:25,46.0216584769538,-59.0470035270543
"365","COD_SGS_20","N1",26,2016-07-06 11:44:00,2016-07-06 12:34:22,46.1773207510729,-59.2236031759658
"366","COD_SGS_20","N13",234,2016-07-11 23:26:43,2016-07-12 07:24:10,46.2002134575569,-59.1536598757767
"367","COD_SGS_20","N14",40,2016-07-06 14:08:54,2016-07-06 15:28:28,46.1695911111114,-59.2475088888884
"368","COD_SGS_20","N17",20,2016-08-06 00:01:29,2016-08-06 02:36:30,46.2269058,-59.0712372
"369","COD_SGS_20","N18",29,2016-08-05 22:43:53,2016-08-06 03:44:27,46.2309723529412,-59.0589934224599
"370","COD_SGS_20","N19",38,2016-08-05 21:22:12,2016-08-06 04:51:56,46.2342877165354,-59.0474017322835
"371","COD_SGS_20","N3",2,2016-07-06 10:29:00,2016-07-06 10:29:49,46.1841454838711,-59.2004729032259
"372","COD_SGS_20","N5",38,2016-06-29 18:25:20,2016-07-06 09:22:27,46.1925420129872,-59.1766761038962
"373","COD_SGS_20","N6",157,2016-06-29 16:00:17,2016-07-06 08:42:26,46.1965967910449,-59.1646832089553
"374","COD_SGS_20","N7",254,2016-06-29 15:19:37,2016-07-08 09:05:15,46.2003244444443,-59.1532547494557
"375","COD_SGS_20","N8",28,2016-06-30 11:44:55,2016-07-05 18:39:24,46.2039218840581,-59.1414146376813
"376","COD_SGS_21","N1",5,2017-08-10 21:51:23,2017-08-10 22:09:09,46.1773207510729,-59.2236031759658
"377","COD_SGS_21","N10",27,2016-07-31 21:33:05,2017-07-21 11:28:39,46.211606017316,-59.1180730303031
"378","COD_SGS_21","N12",36,2017-07-21 07:06:54,2017-07-21 08:18:19,46.2195009459459,-59.0942891216215
"379","COD_SGS_21","N13",44,2017-07-21 03:58:57,2017-08-11 15:27:40,46.2002134575569,-59.1536598757767
"380","COD_SGS_21","N14",29,2017-08-11 02:14:11,2017-08-11 05:51:52,46.1695911111114,-59.2475088888884
"381","COD_SGS_21","N15",2,2017-08-11 00:27:48,2017-08-11 04:51:14,46.1734121895428,-59.2360301960789
"382","COD_SGS_21","N17",6,2017-07-21 03:01:25,2017-08-05 09:41:08,46.2269058,-59.0712372
"383","COD_SGS_21","N18",9,2017-07-21 00:56:19,2017-08-05 11:13:52,46.2309723529412,-59.0589934224599
"384","COD_SGS_21","N19",18,2017-07-20 23:41:29,2017-07-21 00:10:09,46.2342877165354,-59.0474017322835
"385","COD_SGS_21","N20",73,2017-08-05 14:12:13,2017-09-08 15:34:32,46.2384125,-59.0359945312501
"386","COD_SGS_21","N21",41,2017-07-29 20:16:02,2017-09-08 13:28:08,46.2424019000003,-59.0237359000001
"387","COD_SGS_21","N23",41,2017-08-11 13:25:30,2017-08-11 17:00:51,46.1616778076923,-59.2711725769233
"388","COD_SGS_21","N3",1,2017-08-10 19:28:18,2017-08-10 19:28:18,46.1841454838711,-59.2004729032259
"389","COD_SGS_21","N4",15,2017-07-31 19:47:15,2017-07-31 20:09:44,46.1890466981132,-59.1881770754717
"390","COD_SGS_21","N5",8,2017-07-31 20:34:57,2017-07-31 20:42:30,46.1925420129872,-59.1766761038962
"391","COD_SGS_21","N6",31,2017-07-06 03:07:12,2017-08-10 15:53:43,46.1965967910449,-59.1646832089553
"392","COD_SGS_21","N7",50,2017-07-31 22:18:12,2017-08-10 15:47:20,46.2003244444443,-59.1532547494557
"393","COD_SGS_21","N8",56,2017-07-31 23:40:57,2017-08-10 14:40:06,46.2039218840581,-59.1414146376813
"394","COD_SGS_21","N9",33,2017-07-21 10:23:09,2017-08-10 13:04:56,46.2079377927928,-59.1301640990991
"395","COD_SGS_22","N10",3,2016-07-30 17:33:07,2016-07-30 17:45:05,46.211606017316,-59.1180730303031
"396","COD_SGS_22","N11",10,2016-07-30 17:19:11,2016-07-30 17:51:56,46.2157523287671,-59.1061971232877
"397","COD_SGS_22","S16",4,2017-04-14 17:17:59,2017-04-14 17:30:22,46.0218315856105,-59.072737135245
"398","COD_SGS_22","S17",7,2017-04-14 16:14:07,2017-04-14 16:56:33,46.0217340175442,-59.0594905614035
"399","COD_SGS_22","S18",1,2016-12-12 22:47:01,2016-12-12 22:47:01,46.0216584769538,-59.0470035270543
"400","COD_SGS_22","S8",19,2017-12-19 18:20:58,2017-12-19 18:50:43,46.0218387878787,-58.9429490909091
"401","COD_SGS_23","N10",4,2016-07-30 13:47:48,2016-07-30 13:51:14,46.211606017316,-59.1180730303031
"402","COD_SGS_23","N9",23,2016-07-30 14:01:22,2016-07-30 14:33:09,46.2079377927928,-59.1301640990991
"403","COD_SGS_24","N5",5,2017-06-12 06:33:19,2017-06-12 06:46:36,46.1925420129872,-59.1766761038962
"404","COD_SGS_24","S14",30,2017-06-12 21:34:45,2017-06-12 22:17:35,46.0216494236768,-59.0984821806845
"405","COD_SGS_25","N1",36,2016-07-06 14:50:43,2016-07-06 16:01:43,46.1773207510729,-59.2236031759658
"406","COD_SGS_25","N15",14,2016-07-06 14:43:51,2016-07-06 15:09:52,46.1734121895428,-59.2360301960789
"407","COD_SGS_25","N19",2,2016-12-10 14:20:33,2016-12-10 14:22:57,46.2342877165354,-59.0474017322835
"408","COD_SGS_25","N2",2,2016-07-06 16:22:16,2016-07-06 16:24:51,46.1812410599078,-59.2119099539171
"409","COD_SGS_25","S12",28,2016-07-13 18:28:12,2016-07-13 19:10:02,46.0220764528301,-58.8911098867924
"410","COD_SGS_26","S3",15,2016-06-22 12:19:36,2016-06-22 19:11:02,46.0218397070314,-59.0076991406253
"411","COD_SGS_27","S14",20,2016-06-16 23:31:36,2016-06-17 00:00:19,46.0216494236768,-59.0984821806845
"412","COD_SGS_27","S15",11,2016-06-17 00:13:00,2016-06-17 00:46:30,46.0216567833793,-59.0852207195076
"413","COD_SGS_27","S17",35,2016-06-16 08:33:12,2016-06-17 11:02:03,46.0217340175442,-59.0594905614035
"414","COD_SGS_27","S18",54,2016-06-17 09:00:15,2016-06-17 21:33:16,46.0216584769538,-59.0470035270543
"415","COD_SGS_28","S22",11,2018-08-13 11:05:56,2018-10-07 18:51:56,46.0219909414761,-58.8260958269718
"416","COD_SGS_28","S23",2,2019-03-02 20:05:54,2019-03-03 03:23:20,46.0220495135133,-58.8129980900895
"417","COD_SGS_29","N13",15,2017-04-04 19:51:21,2017-04-04 20:11:34,46.2002134575569,-59.1536598757767
"418","COD_SGS_3","N21",8,2017-06-18 11:15:32,2017-06-18 11:23:14,46.2424019000003,-59.0237359000001
"419","COD_SGS_30","N13",27,2016-06-14 03:27:13,2016-06-14 04:06:11,46.2002134575569,-59.1536598757767
"420","COD_SGS_31","S19",39,2016-11-28 22:59:23,2016-11-29 01:26:13,46.0217368644067,-58.8646719491525
"421","COD_SGS_31","S20",191,2016-11-03 12:28:50,2016-11-28 22:14:44,46.021635914454,-58.8518733628312
"422","COD_SGS_31","S21",352,2016-11-03 20:50:51,2016-11-28 20:52:35,46.0217965127016,-58.8395618475753
"423","COD_SGS_31","S22",339,2016-11-05 14:53:56,2016-11-28 16:42:25,46.0219909414761,-58.8260958269718
"424","COD_SGS_31","S23",493,2016-11-06 00:05:16,2016-11-06 11:49:20,46.0220495135133,-58.8129980900895
"425","COD_SGS_32","N2",28,2017-06-14 14:25:11,2017-06-14 15:07:50,46.1812410599078,-59.2119099539171
"426","COD_SGS_32","S15",39,2016-06-27 06:46:55,2016-06-27 07:39:07,46.0216567833793,-59.0852207195076
"427","COD_SGS_32","S16",33,2016-06-27 07:43:41,2016-06-27 11:52:12,46.0218315856105,-59.072737135245
"428","COD_SGS_32","S17",53,2016-06-27 12:34:51,2017-06-15 22:00:16,46.0217340175442,-59.0594905614035
"429","COD_SGS_33","N10",19,2017-01-01 09:28:27,2017-01-01 12:22:41,46.211606017316,-59.1180730303031
"430","COD_SGS_33","N8",4,2017-01-01 13:56:43,2017-01-01 14:15:06,46.2039218840581,-59.1414146376813
"431","COD_SGS_33","N9",40,2017-01-01 09:40:54,2017-01-01 13:29:48,46.2079377927928,-59.1301640990991
"432","COD_SGS_34","N1",59,2016-06-19 14:01:34,2016-06-19 15:57:49,46.1773207510729,-59.2236031759658
"433","COD_SGS_34","S16",24,2016-06-27 07:27:55,2016-06-27 08:10:31,46.0218315856105,-59.072737135245
"434","COD_SGS_35","N1",21,2016-07-07 21:49:12,2016-07-07 23:49:12,46.1773207510729,-59.2236031759658
"435","COD_SGS_35","N15",33,2016-07-07 20:11:13,2016-07-07 21:12:41,46.1734121895428,-59.2360301960789
"436","COD_SGS_36","N13",94,2016-07-09 20:17:02,2016-07-11 02:23:26,46.2002134575569,-59.1536598757767
"437","COD_SGS_36","S12",17,2016-07-18 17:05:18,2016-07-18 17:29:39,46.0220764528301,-58.8911098867924
"438","COD_SGS_37","N1",39,2016-07-06 22:35:10,2016-07-07 04:42:08,46.1773207510729,-59.2236031759658
"439","COD_SGS_37","N14",2,2016-07-06 20:58:35,2016-07-06 21:33:25,46.1695911111114,-59.2475088888884
"440","COD_SGS_37","N15",24,2016-07-06 21:37:00,2016-07-06 22:28:03,46.1734121895428,-59.2360301960789
"441","COD_SGS_37","N2",3,2016-07-07 00:17:07,2016-07-07 07:03:49,46.1812410599078,-59.2119099539171
"442","COD_SGS_38","N1",6,2018-09-28 05:04:48,2018-09-28 05:16:34,46.1773207510729,-59.2236031759658
"443","COD_SGS_38","N14",10,2017-04-26 13:37:47,2017-04-26 13:49:52,46.1695911111114,-59.2475088888884
"444","COD_SGS_38","N15",8,2018-09-28 04:42:26,2018-09-28 04:52:20,46.1734121895428,-59.2360301960789
"445","COD_SGS_38","N5",14,2017-10-09 22:45:31,2017-10-09 23:14:32,46.1925420129872,-59.1766761038962
"446","COD_SGS_38","N6",1,2018-04-29 02:38:45,2018-04-29 02:38:45,46.1965967910449,-59.1646832089553
"447","COD_SGS_39","S14",7,2016-06-18 07:45:14,2016-06-18 08:10:59,46.0216494236768,-59.0984821806845
"448","COD_SGS_4","S11",9,2017-03-05 14:56:04,2017-03-05 15:08:09,46.0224201941747,-58.9037865048544
"449","COD_SGS_4","S14",108,2016-07-12 15:55:48,2016-10-20 21:00:02,46.0216494236768,-59.0984821806845
"450","COD_SGS_4","S15",361,2016-07-12 11:16:01,2016-08-20 02:03:41,46.0216567833793,-59.0852207195076
"451","COD_SGS_4","S16",414,2016-07-12 09:07:20,2016-08-20 01:14:29,46.0218315856105,-59.072737135245
"452","COD_SGS_4","S17",301,2016-07-12 08:13:32,2016-08-03 01:53:57,46.0217340175442,-59.0594905614035
"453","COD_SGS_4","S18",224,2016-07-14 23:43:34,2016-08-03 01:20:15,46.0216584769538,-59.0470035270543
"454","COD_SGS_4","S2",34,2016-07-15 02:22:14,2016-08-02 22:46:17,46.0217242499999,-59.0199259374999
"455","COD_SGS_4","S3",4,2016-07-20 09:40:18,2016-07-21 21:16:32,46.0218397070314,-59.0076991406253
"456","COD_SGS_40","N7",23,2017-05-09 12:54:07,2017-05-09 13:18:31,46.2003244444443,-59.1532547494557
"457","COD_SGS_40","S14",4,2017-05-10 19:50:48,2017-05-10 20:11:13,46.0216494236768,-59.0984821806845
"458","COD_SGS_41","N10",14,2016-07-06 12:38:07,2016-07-06 18:43:45,46.211606017316,-59.1180730303031
"459","COD_SGS_41","N2",32,2017-05-01 09:23:08,2017-05-01 10:09:33,46.1812410599078,-59.2119099539171
"460","COD_SGS_41","N8",38,2016-05-12 05:54:29,2016-05-12 08:36:23,46.2039218840581,-59.1414146376813
"461","COD_SGS_42","S3",327,2016-06-22 14:36:08,2016-06-22 22:04:49,46.0218397070314,-59.0076991406253
"462","COD_SGS_43","S14",471,2016-08-11 04:37:42,2016-12-09 05:17:07,46.0216494236768,-59.0984821806845
"463","COD_SGS_43","S15",1829,2016-08-11 04:03:50,2016-12-09 14:59:40,46.0216567833793,-59.0852207195076
"464","COD_SGS_43","S16",913,2016-08-11 02:05:34,2016-12-09 14:56:11,46.0218315856105,-59.072737135245
"465","COD_SGS_43","S17",345,2016-08-11 00:56:06,2016-11-07 15:16:16,46.0217340175442,-59.0594905614035
"466","COD_SGS_43","S18",55,2016-08-10 23:36:41,2016-10-30 07:08:22,46.0216584769538,-59.0470035270543
"467","COD_SGS_43","S19",6,2016-11-20 20:26:06,2016-11-20 20:48:46,46.0217368644067,-58.8646719491525
"468","COD_SGS_43","S2",9,2016-09-21 01:33:22,2016-11-07 17:04:54,46.0217242499999,-59.0199259374999
"469","COD_SGS_43","S20",28,2016-11-20 17:15:29,2016-11-20 18:13:24,46.021635914454,-58.8518733628312
"470","COD_SGS_43","S3",15,2016-08-10 09:36:46,2016-08-10 11:53:34,46.0218397070314,-59.0076991406253
"471","COD_SGS_44","N18",26,2016-12-11 01:59:11,2016-12-11 02:45:08,46.2309723529412,-59.0589934224599
"472","COD_SGS_44","S14",16,2016-06-13 09:44:02,2016-06-13 10:06:39,46.0216494236768,-59.0984821806845
"473","COD_SGS_44","S17",16,2016-12-07 20:04:11,2016-12-08 05:43:00,46.0217340175442,-59.0594905614035
"474","COD_SGS_44","S18",7,2016-12-07 19:28:38,2016-12-07 19:48:44,46.0216584769538,-59.0470035270543
"475","COD_SGS_44","S2",32,2016-12-07 15:06:23,2016-12-07 16:12:31,46.0217242499999,-59.0199259374999
"476","COD_SGS_44","S20",354,2016-11-25 14:05:29,2016-11-26 19:06:11,46.021635914454,-58.8518733628312
"477","COD_SGS_44","S21",24,2016-11-23 22:43:24,2016-11-26 11:03:04,46.0217965127016,-58.8395618475753
"478","COD_SGS_44","S3",70,2016-06-13 15:37:49,2016-06-13 17:48:59,46.0218397070314,-59.0076991406253
"479","COD_SGS_45","N13",4,2016-11-03 17:34:27,2016-11-03 17:51:14,46.2002134575569,-59.1536598757767
"480","COD_SGS_45","N21",81,2016-10-14 14:09:53,2016-10-25 07:12:05,46.2424019000003,-59.0237359000001
"481","COD_SGS_45","S11",3,2016-12-11 10:54:06,2016-12-11 11:01:20,46.0224201941747,-58.9037865048544
"482","COD_SGS_45","S12",61,2016-12-10 12:35:51,2016-12-11 13:19:54,46.0220764528301,-58.8911098867924
"483","COD_SGS_45","S18",3,2016-11-07 11:33:04,2016-11-07 11:48:36,46.0216584769538,-59.0470035270543
"484","COD_SGS_45","S2",40,2016-11-06 17:24:30,2016-11-07 12:47:08,46.0217242499999,-59.0199259374999
"485","COD_SGS_45","S3",20,2016-11-06 22:57:06,2016-11-07 13:13:54,46.0218397070314,-59.0076991406253
"486","COD_SGS_45","S4",11,2016-11-06 23:05:32,2016-11-07 00:01:58,46.0219072727273,-58.9949264772727
"487","COD_SGS_5","N11",3,2016-06-13 02:07:00,2016-06-13 02:10:45,46.2157523287671,-59.1061971232877
"488","COD_SGS_6","S15",2,2016-06-18 20:21:21,2016-06-18 20:55:22,46.0216567833793,-59.0852207195076
"489","COD_SGS_6","S16",1,2016-06-18 21:02:27,2016-06-18 21:02:27,46.0218315856105,-59.072737135245
"490","COD_SGS_7","N1",27,2017-06-10 16:26:31,2017-06-10 17:00:50,46.1773207510729,-59.2236031759658
"491","COD_SGS_7","N13",255,2016-07-18 17:54:41,2017-06-11 10:30:07,46.2002134575569,-59.1536598757767
"492","COD_SGS_7","N14",15,2017-06-10 18:16:21,2017-06-10 18:38:12,46.1695911111114,-59.2475088888884
"493","COD_SGS_7","N15",26,2017-06-10 17:16:44,2017-06-10 17:58:43,46.1734121895428,-59.2360301960789
"494","COD_SGS_7","N2",6,2017-06-10 15:50:05,2017-06-10 16:00:48,46.1812410599078,-59.2119099539171
"495","COD_SGS_7","N23",188,2017-06-10 20:00:36,2017-06-13 08:47:47,46.1616778076923,-59.2711725769233
"496","COD_SGS_7","S14",219,2016-06-26 08:07:43,2016-06-26 22:34:53,46.0216494236768,-59.0984821806845
"497","COD_SGS_7","S15",81,2016-06-26 09:32:14,2016-06-27 01:47:28,46.0216567833793,-59.0852207195076
"498","COD_SGS_7","S16",9,2016-06-27 02:10:20,2017-05-09 15:57:40,46.0218315856105,-59.072737135245
"499","COD_SGS_7","S18",36,2017-05-08 19:00:36,2017-05-08 19:52:50,46.0216584769538,-59.0470035270543
"500","COD_SGS_8","N21",21,2017-04-21 10:41:38,2017-04-21 11:22:05,46.2424019000003,-59.0237359000001
"501","COD_SGS_9","N1",144,2016-11-11 08:43:19,2016-11-16 21:00:23,46.1773207510729,-59.2236031759658
"502","COD_SGS_9","N10",44,2016-10-17 12:02:48,2016-10-17 17:23:33,46.211606017316,-59.1180730303031
"503","COD_SGS_9","N12",39,2016-10-14 22:30:00,2016-10-17 09:56:34,46.2195009459459,-59.0942891216215
"504","COD_SGS_9","N13",162,2016-10-15 02:05:23,2018-11-21 00:15:55,46.2002134575569,-59.1536598757767
"505","COD_SGS_9","N14",195,2016-11-11 15:14:29,2016-11-16 13:52:37,46.1695911111114,-59.2475088888884
"506","COD_SGS_9","N15",175,2016-11-11 12:25:20,2016-11-16 18:30:58,46.1734121895428,-59.2360301960789
"507","COD_SGS_9","N2",49,2016-11-11 08:33:08,2017-05-03 05:37:36,46.1812410599078,-59.2119099539171
"508","COD_SGS_9","N3",187,2016-11-16 21:52:25,2017-05-03 10:06:14,46.1841454838711,-59.2004729032259
"509","COD_SGS_9","N4",13,2017-04-21 20:38:31,2017-04-21 22:37:47,46.1890466981132,-59.1881770754717
"510","COD_SGS_9","N5",12,2017-04-21 19:44:31,2017-04-22 05:06:46,46.1925420129872,-59.1766761038962
"511","COD_SGS_9","N7",23,2018-05-06 04:09:39,2018-05-06 05:44:04,46.2003244444443,-59.1532547494557
"512","COD_SGS_9","N8",30,2016-10-12 06:57:29,2016-10-12 08:04:07,46.2039218840581,-59.1414146376813
"513","COD_SGS_9","N9",27,2016-10-07 09:59:19,2016-10-07 11:44:58,46.2079377927928,-59.1301640990991
"514","COD_SGS_9","S12",30,2017-05-17 14:11:06,2017-05-17 18:03:54,46.0220764528301,-58.8911098867924
"515","COD_SGS_9","S13",61,2017-05-17 16:17:20,2017-05-18 17:41:12,46.0217610204081,-58.8780648299319
"516","COD_SGS_9","S17",70,2018-05-08 05:36:04,2018-05-08 07:34:57,46.0217340175442,-59.0594905614035
"517","COD_SGS_9","S19",61,2016-07-12 11:11:01,2017-05-18 14:03:01,46.0217368644067,-58.8646719491525
"518","COD_SGS_9","S20",53,2016-07-12 13:54:14,2016-07-12 16:03:39,46.021635914454,-58.8518733628312
"519","COD_SGS_9","S23",1,2016-08-17 01:43:54,2016-08-17 01:43:54,46.0220495135133,-58.8129980900895
"520","COD_SGS_9","S8",3,2017-05-19 09:09:13,2017-05-19 09:47:25,46.0218387878787,-58.9429490909091
"521","COD_SPI_1","N10",7,2015-12-18 19:52:29,2015-12-18 20:09:14,46.211606017316,-59.1180730303031
"522","COD_SPI_1","N7",22,2015-12-18 04:48:46,2015-12-18 05:53:42,46.2003244444443,-59.1532547494557
"523","COD_SPI_1","N8",10,2015-12-18 04:09:47,2015-12-18 06:31:33,46.2039218840581,-59.1414146376813
"524","COD_SPI_1","N9",3,2015-12-18 20:34:35,2015-12-18 20:40:06,46.2079377927928,-59.1301640990991
"525","COD_SPI_2","N20",6,2016-10-27 21:07:57,2016-10-27 21:21:50,46.2384125,-59.0359945312501
"526","CRAB_ZSC_1","S15",61,2019-09-25 06:34:30,2020-01-19 10:29:57,46.0216567833793,-59.0852207195076
"527","CRAB_ZSC_2","N14",148,2019-04-15 09:12:45,2019-04-16 18:43:29,46.1695911111114,-59.2475088888884
"528","CRAB_ZSC_2","N8",162,2019-04-01 23:02:38,2019-04-03 00:36:51,46.2039218840581,-59.1414146376813
"529","EEL_BDLSPG_1","2021_033",15,2021-11-16 03:37:06,2021-11-16 03:54:38,46.03757,-58.92871
"530","EEL_BDLSPG_1","2021_034",1,2021-11-16 04:08:26,2021-11-16 04:08:26,46.0427126530612,-58.9175971428571
"531","EEL_BDLSPG_2","S5",6,2020-10-15 02:04:18,2020-10-15 02:10:23,46.0218722159091,-58.9820525568182
"532","EEL_BDLSPG_2","S6",1,2020-10-15 02:13:52,2020-10-15 02:13:52,46.0217554878049,-58.9691136585366
"533","EEL_BDLSPG_3","N10",25,2019-11-25 08:21:57,2019-11-25 08:48:53,46.211606017316,-59.1180730303031
"534","EEL_BDLSPG_3","N9",3,2019-11-25 07:43:08,2019-11-25 07:47:06,46.2079377927928,-59.1301640990991
"535","EEL_BDLSPG_3","S10",3,2019-11-26 03:00:20,2019-11-26 03:03:26,46.0216522994652,-58.9172277005346
"536","EEL_BQEEL_1","N21",13,2017-06-07 07:21:52,2017-06-07 07:47:23,46.2424019000003,-59.0237359000001
"537","EEL_BQEEL_1","N22",19,2017-06-07 07:25:24,2017-06-07 08:25:25,46.2465957142857,-59.0120753571429
"538","EEL_BQEEL_1","S19",3,2017-06-08 04:16:47,2017-06-08 04:33:01,46.0217368644067,-58.8646719491525
"539","EEL_BQEEL_1","S20",9,2017-06-08 04:32:12,2017-06-08 04:56:19,46.021635914454,-58.8518733628312
"540","EEL_BQEEL_2","N6",13,2017-12-23 16:04:14,2017-12-23 16:17:14,46.1965967910449,-59.1646832089553
"541","GSEAL_GSFP_1","2021_024",2,2023-02-20 21:21:57,2023-02-20 21:24:20,45.9934026785714,-59.0278394642856
"542","GSEAL_GSFP_2","2021_017",5,2024-03-02 12:33:26,2024-03-02 13:48:50,45.9882261157024,-59.118367107438
"543","GSEAL_GSFP_2","2021_020",13,2024-03-02 17:46:07,2024-03-02 18:18:02,45.988557961165,-59.0790185436893
"544","GSEAL_GSFP_2","2021_021",2,2024-03-03 10:59:57,2024-03-03 11:04:10,45.988069382716,-59.0642393827161
"545","GSEAL_GSFP_2","2021_022",6,2024-03-03 11:15:53,2024-03-03 11:28:46,45.9881643023255,-59.0521934883721
"546","GSEAL_GSFP_2","2021_023",4,2024-03-03 11:38:09,2024-03-03 11:44:42,45.9881801408451,-59.0387242253522
"547","GSEAL_GSFP_4","2021_040",3,2024-02-22 03:59:26,2024-02-22 04:08:14,46.07244359375,-58.8508815625
"548","GSEAL_GSFP_5","2021_012",8,2024-02-20 07:09:16,2024-02-20 07:35:28,45.9881194827586,-59.1855979310345
"549","GSEAL_RISME_1","2021_017",1,2024-05-04 02:53:57,2024-05-04 02:53:57,45.9882261157024,-59.118367107438
"550","GSEAL_RISME_1","2021_018",9,2024-05-04 03:00:41,2024-05-04 03:08:35,45.9885546086957,-59.1056129565219
"551","HAL_HALIBT_1","2021_041",3,2023-12-30 18:52:14,2023-12-31 11:20:34,46.0770484444445,-58.8401684444444
"552","HAL_HALIBT_1","2021_043",2,2024-01-02 18:42:32,2024-01-02 18:45:12,46.0870213114754,-58.8179034426229
"553","HAL_HALIBT_2","2021_046",412,2025-03-31 19:49:10,2025-04-01 11:24:50,46.1016862711861,-58.7853925423731
"554","HAL_MEHAL_1","2021_037",13,2023-03-18 22:22:34,2023-03-18 23:37:11,46.05779984375,-58.8839246875001
"555","HAL_MEHAL_1","2021_038",1,2023-03-18 21:51:12,2023-03-18 21:51:12,46.0626299999999,-58.8728099999999
"556","HAL_MEHAL_1","2021_039",6,2023-03-18 20:55:40,2023-03-18 21:29:10,46.06739875,-58.8619451923075
"557","HAL_MEHAL_1","2021_040",7,2023-03-18 20:27:54,2023-03-18 21:12:39,46.07244359375,-58.8508815625
"558","HAL_MEHAL_2","2021_028",8,2022-11-27 12:06:25,2022-11-27 12:21:56,46.01304,-58.98382
"559","HAL_MEHAL_2","2021_036",11,2022-11-28 18:45:19,2022-11-28 19:06:37,46.0528509090909,-58.895013409091
"560","HAL_MEHAL_3","2021_007",14,2023-11-11 06:56:29,2023-11-11 07:36:35,45.9883,-59.2537299999999
"561","HAL_MEHAL_3","2021_030",2,2024-03-10 22:28:00,2024-03-10 22:32:47,46.022955,-58.961485
"562","HAL_MEHAL_3","2021_032",10,2024-03-10 17:36:42,2024-03-10 18:13:32,46.0330002702703,-58.939732972973
"563","HAL_MEHAL_3","2021_034",4,2024-03-10 16:15:37,2024-03-10 16:23:43,46.0427126530612,-58.9175971428571
"564","HAL_MEHAL_3","2021_035",4,2024-03-10 15:38:55,2024-03-10 15:48:34,46.0477045454545,-58.9062140909091
"565","HAL_MEHAL_3","2021_036",9,2024-03-10 08:52:41,2024-03-10 09:20:51,46.0528509090909,-58.895013409091
"566","LHBACK_JBLB_1","2021_003",18,2023-09-15 22:09:07,2023-09-15 22:26:44,45.9880766917293,-59.3075851127818
"567","LHBACK_JBLB_1","2021_017",2,2023-09-05 04:21:48,2023-09-05 04:23:48,45.9882261157024,-59.118367107438
"568","LHBACK_JBLB_1","2021_024",17,2023-10-15 10:43:42,2023-10-15 11:02:40,45.9934026785714,-59.0278394642856
"569","LHBACK_JBLB_1","2021_025",11,2023-10-15 10:15:03,2023-10-15 10:44:28,45.9981928,-59.017304
"570","LHBACK_JBLB_1","2021_026",20,2023-10-15 09:46:41,2023-10-15 10:12:35,46.0032672916667,-59.0062927083333
"571","LHBACK_LBTPCR_1","S1",13,2019-08-24 22:23:08,2019-08-24 22:38:26,46.0217821698113,-59.0337486320757
"572","LHBACK_LBTPCR_1","S18",1,2019-08-24 22:21:53,2019-08-24 22:21:53,46.0216584769538,-59.0470035270543
"573","LHBACK_LBTPCR_1","S6",7,2019-08-25 00:31:57,2019-08-25 00:40:33,46.0217554878049,-58.9691136585366
"574","LHBACK_LBTPCR_1","S7",18,2019-08-25 00:41:25,2019-08-25 01:09:40,46.021813375,-58.9560386250001
"575","MAC_V2LNASTI_1","2021_020",5,2024-07-29 09:04:26,2024-07-29 09:17:07,45.988557961165,-59.0790185436893
"576","MAC_V2LNASTI_1","2021_036",3,2024-07-29 02:21:46,2024-07-29 02:27:07,46.0528509090909,-58.895013409091
"577","MAC_V2LNASTI_1","2021_041",1,2024-07-30 03:38:28,2024-07-30 03:38:28,46.0770484444445,-58.8401684444444
"578","MAKO_RICSS_1","2021_001",10,2021-08-27 04:21:33,2021-08-27 04:35:32,45.9879952136752,-59.3334999999999
"579","MAKO_RICSS_1","2021_002",8,2021-08-27 04:39:11,2021-08-27 04:49:45,45.98769,-59.32067
"580","MAKO_RICSS_1","2021_003",1,2021-08-27 04:59:42,2021-08-27 04:59:42,45.9880766917293,-59.3075851127818
"581","MAKO_RICSS_1","2021_009",3,2021-08-27 06:48:18,2021-08-27 06:55:54,45.988321038961,-59.2250048051948
"582","MAKO_RICSS_1","2021_010",5,2021-08-27 07:02:25,2021-08-27 07:07:54,45.9880955102041,-59.2125887755102
"583","MAKO_RICSS_1","2021_011",2,2021-08-27 07:15:47,2021-08-27 07:20:48,45.9879442857143,-59.1990085714286
"584","PORB_JPBS_1","N11",1,2018-11-17 22:33:16,2018-11-17 22:33:16,46.2157523287671,-59.1061971232877
"585","PORB_JPBS_1","S10",2,2018-11-18 03:48:34,2018-11-18 03:50:29,46.0216522994652,-58.9172277005346
"586","PORB_JPBS_1","S7",4,2017-07-15 03:13:09,2017-07-15 03:18:17,46.021813375,-58.9560386250001
"587","PORB_JPBS_1","S8",8,2017-07-15 03:20:00,2017-07-15 03:31:50,46.0218387878787,-58.9429490909091
"588","PORB_JPBS_2","N20",3,2018-07-28 13:55:58,2018-07-28 14:00:04,46.2384125,-59.0359945312501
"589","PORB_JPBS_2","S12",3,2017-08-09 01:13:19,2017-08-09 01:25:33,46.0220764528301,-58.8911098867924
"590","PORB_JPBS_3","S7",7,2017-07-17 21:39:51,2017-07-17 21:54:56,46.021813375,-58.9560386250001
"591","PORB_JPBS_3","S8",9,2017-07-17 21:56:48,2017-07-17 22:10:08,46.0218387878787,-58.9429490909091
"592","PORB_JPBS_3","S9",2,2017-07-17 22:14:02,2017-07-17 22:19:47,46.0220081111111,-58.9299448888889
"593","PORB_JPBS_4","N21",1,2017-11-04 19:58:31,2017-11-04 19:58:31,46.2424019000003,-59.0237359000001
"594","PORB_JPBS_4","S1",5,2017-08-07 04:34:51,2017-08-07 04:47:56,46.0217821698113,-59.0337486320757
"595","PORB_JPBS_4","S17",3,2017-08-07 04:05:22,2017-08-07 04:09:00,46.0217340175442,-59.0594905614035
"596","PORB_JPBS_4","S18",6,2017-08-07 04:18:46,2017-08-07 04:27:46,46.0216584769538,-59.0470035270543
"597","PORB_JPBS_4","S2",4,2017-08-07 04:49:39,2017-08-07 04:58:48,46.0217242499999,-59.0199259374999
"598","PORB_JPBS_4","S3",5,2017-08-07 05:05:49,2017-08-07 05:13:20,46.0218397070314,-59.0076991406253
"599","PORB_JPBS_4","S4",7,2017-08-07 05:26:45,2017-08-07 05:36:47,46.0219072727273,-58.9949264772727
"600","SALM_ASF_1","N13",6,2017-05-26 14:09:05,2017-05-26 14:16:16,46.2002134575569,-59.1536598757767
"601","SALM_ASF_2","N18",3,2017-05-13 00:24:18,2017-05-13 00:26:47,46.2309723529412,-59.0589934224599
"602","SALM_ASF_2","N19",18,2017-05-13 00:22:58,2017-05-13 00:50:45,46.2342877165354,-59.0474017322835
"603","SALM_ASF_2","N20",5,2017-05-13 00:52:03,2017-05-13 01:00:19,46.2384125,-59.0359945312501
"604","SALM_ASF_2","S18",11,2017-05-12 18:04:02,2017-05-12 18:15:12,46.0216584769538,-59.0470035270543
"605","SALM_BDK_1","N1",1,2015-06-10 02:14:56,2015-06-10 02:14:56,46.1773207510729,-59.2236031759658
"606","SALM_BDK_1","N10",16,2015-06-10 06:54:58,2015-06-10 07:27:39,46.211606017316,-59.1180730303031
"607","SALM_BDK_1","N11",18,2015-06-10 07:42:27,2015-06-10 08:04:47,46.2157523287671,-59.1061971232877
"608","SALM_BDK_1","N2",40,2015-06-10 02:20:22,2015-06-10 02:59:13,46.1812410599078,-59.2119099539171
"609","SALM_BDK_1","N3",35,2015-06-10 03:00:53,2015-06-10 03:38:36,46.1841454838711,-59.2004729032259
"610","SALM_BDK_1","N4",16,2015-06-10 03:51:09,2015-06-10 04:08:02,46.1890466981132,-59.1881770754717
"611","SALM_BDK_1","N5",29,2015-06-10 04:20:02,2015-06-10 04:46:30,46.1925420129872,-59.1766761038962
"612","SALM_BDK_1","N6",24,2015-06-10 04:50:56,2015-06-10 05:19:57,46.1965967910449,-59.1646832089553
"613","SALM_BDK_1","N7",31,2015-06-10 05:24:42,2015-06-10 05:47:39,46.2003244444443,-59.1532547494557
"614","SALM_BDK_1","N8",30,2015-06-10 05:56:02,2015-06-10 06:20:43,46.2039218840581,-59.1414146376813
"615","SALM_BDK_1","N9",24,2015-06-10 06:21:30,2015-06-10 06:51:11,46.2079377927928,-59.1301640990991
"616","SALM_BDK_2","N1",1,2015-12-25 20:22:48,2015-12-25 20:22:48,46.1773207510729,-59.2236031759658
"617","SALM_BDK_2","N2",35,2015-12-25 20:16:30,2015-12-25 20:58:52,46.1812410599078,-59.2119099539171
"618","SALM_BDK_2","S1",5,2015-12-26 17:07:58,2015-12-26 17:20:22,46.0217821698113,-59.0337486320757
"619","SALM_ESRF_1","S15",3,2021-06-17 05:08:54,2021-06-17 05:12:57,46.0216567833793,-59.0852207195076
"620","SALM_ESRF_10","S3",3,2021-06-08 13:34:48,2021-06-08 13:43:28,46.0218397070314,-59.0076991406253
"621","SALM_ESRF_11","S14",1,2021-06-13 01:47:29,2021-06-13 01:47:29,46.0216494236768,-59.0984821806845
"622","SALM_ESRF_11","S15",19,2021-06-13 02:11:46,2021-06-13 02:55:40,46.0216567833793,-59.0852207195076
"623","SALM_ESRF_13","S14",3,2021-06-15 07:44:55,2021-06-15 07:47:05,46.0216494236768,-59.0984821806845
"624","SALM_ESRF_13","S15",7,2021-06-15 08:12:07,2021-06-15 08:24:46,46.0216567833793,-59.0852207195076
"625","SALM_ESRF_13","S16",1,2021-06-15 09:03:20,2021-06-15 09:03:20,46.0218315856105,-59.072737135245
"626","SALM_ESRF_13","S18",6,2021-06-15 13:16:56,2021-06-15 13:27:38,46.0216584769538,-59.0470035270543
"627","SALM_ESRF_13","S4",1,2021-06-15 16:50:58,2021-06-15 16:50:58,46.0219072727273,-58.9949264772727
"628","SALM_ESRF_15","S1",25,2021-06-13 05:45:50,2021-06-13 06:38:51,46.0217821698113,-59.0337486320757
"629","SALM_ESRF_15","S16",15,2021-06-13 03:07:29,2021-06-13 03:39:34,46.0218315856105,-59.072737135245
"630","SALM_ESRF_15","S17",28,2021-06-13 03:41:43,2021-06-13 04:34:58,46.0217340175442,-59.0594905614035
"631","SALM_ESRF_15","S18",25,2021-06-13 04:40:09,2021-06-13 05:38:53,46.0216584769538,-59.0470035270543
"632","SALM_ESRF_15","S2",9,2021-06-13 06:40:52,2021-06-13 07:19:22,46.0217242499999,-59.0199259374999
"633","SALM_ESRF_15","S3",4,2021-06-13 07:36:40,2021-06-13 08:07:27,46.0218397070314,-59.0076991406253
"634","SALM_ESRF_15","S4",3,2021-06-13 08:30:10,2021-06-13 08:43:43,46.0219072727273,-58.9949264772727
"635","SALM_ESRF_15","S5",11,2021-06-13 08:48:28,2021-06-13 09:14:09,46.0218722159091,-58.9820525568182
"636","SALM_ESRF_15","S6",3,2021-06-13 09:16:15,2021-06-13 09:29:02,46.0217554878049,-58.9691136585366
"637","SALM_ESRF_16","N19",3,2021-06-03 19:48:15,2021-06-03 19:54:39,46.2342877165354,-59.0474017322835
"638","SALM_ESRF_17","N4",4,2021-06-15 20:23:28,2021-06-15 20:29:10,46.1890466981132,-59.1881770754717
"639","SALM_ESRF_18","S9",7,2021-06-05 16:38:48,2021-06-05 17:01:21,46.0220081111111,-58.9299448888889
"640","SALM_ESRF_19","S3",5,2021-06-11 01:20:34,2021-06-11 01:31:17,46.0218397070314,-59.0076991406253
"641","SALM_ESRF_2","S5",3,2021-06-15 03:43:31,2021-06-15 03:48:57,46.0218722159091,-58.9820525568182
"642","SALM_ESRF_2","S6",4,2021-06-15 03:55:56,2021-06-15 04:13:06,46.0217554878049,-58.9691136585366
"643","SALM_ESRF_2","S7",3,2021-06-15 04:23:31,2021-06-15 04:27:53,46.021813375,-58.9560386250001
"644","SALM_ESRF_2","S8",1,2021-06-15 04:45:23,2021-06-15 04:45:23,46.0218387878787,-58.9429490909091
"645","SALM_ESRF_21","2021_040",5,2022-04-21 21:23:39,2022-04-21 21:36:46,46.07244359375,-58.8508815625
"646","SALM_ESRF_21","2021_041",1,2022-04-21 21:19:55,2022-04-21 21:19:55,46.0770484444445,-58.8401684444444
"647","SALM_ESRF_22","2021_002",2,2022-06-03 16:24:02,2022-06-03 16:25:56,45.98769,-59.32067
"648","SALM_ESRF_22","2021_021",3,2022-06-04 18:49:00,2022-06-04 18:52:51,45.988069382716,-59.0642393827161
"649","SALM_ESRF_22","2021_022",13,2022-06-04 18:12:35,2022-06-04 18:37:44,45.9881643023255,-59.0521934883721
"650","SALM_ESRF_22","2021_027",1,2022-06-04 12:22:18,2022-06-04 12:22:18,46.0083632926829,-58.9948780487805
"651","SALM_ESRF_22","2021_028",22,2022-06-04 10:56:36,2022-06-04 12:38:18,46.01304,-58.98382
"652","SALM_ESRF_23","2021_045",25,2022-06-16 19:25:13,2022-06-16 20:53:51,46.0967629268293,-58.7963431707316
"653","SALM_ESRF_23","2021_046",9,2022-06-16 19:14:37,2022-06-16 19:55:38,46.1016862711861,-58.7853925423731
"654","SALM_ESRF_24","2021_014",1,2022-06-17 01:54:14,2022-06-17 01:54:14,45.9884536708861,-59.1584307594937
"655","SALM_ESRF_24","2021_034",5,2022-06-17 06:12:37,2022-06-17 06:20:48,46.0427126530612,-58.9175971428571
"656","SALM_ESRF_24","2021_035",3,2022-06-17 06:26:22,2022-06-17 06:29:14,46.0477045454545,-58.9062140909091
"657","SALM_ESRF_25","2021_020",5,2022-06-12 17:53:44,2022-06-12 18:17:22,45.988557961165,-59.0790185436893
"658","SALM_ESRF_25","2021_021",25,2022-06-12 16:55:30,2022-06-13 06:17:11,45.988069382716,-59.0642393827161
"659","SALM_ESRF_25","2021_022",21,2022-06-12 19:07:17,2022-06-13 05:52:46,45.9881643023255,-59.0521934883721
"660","SALM_ESRF_25","2021_023",18,2022-06-13 04:24:25,2022-06-13 05:09:03,45.9881801408451,-59.0387242253522
"661","SALM_ESRF_25","2021_024",15,2022-06-13 03:34:30,2022-06-13 04:10:06,45.9934026785714,-59.0278394642856
"662","SALM_ESRF_25","2021_025",4,2022-06-12 23:12:48,2022-06-12 23:40:18,45.9981928,-59.017304
"663","SALM_ESRF_25","2021_026",13,2022-06-12 22:54:38,2022-06-13 01:14:38,46.0032672916667,-59.0062927083333
"664","SALM_ESRF_26","2021_019",11,2022-06-05 16:03:51,2022-06-05 16:26:02,45.9883137113401,-59.0919263917525
"665","SALM_ESRF_26","2021_020",1,2022-06-05 15:58:36,2022-06-05 15:58:36,45.988557961165,-59.0790185436893
"666","SALM_ESRF_28","2021_010",3,2022-06-17 16:12:59,2022-06-17 16:15:11,45.9880955102041,-59.2125887755102
"667","SALM_ESRF_28","2021_011",1,2022-06-17 16:21:39,2022-06-17 16:21:39,45.9879442857143,-59.1990085714286
"668","SALM_ESRF_3","N7",9,2021-06-12 13:19:34,2021-06-12 13:32:03,46.2003244444443,-59.1532547494557
"669","SALM_ESRF_31","2021_039",15,2022-06-11 16:21:47,2022-06-11 16:56:16,46.06739875,-58.8619451923075
"670","SALM_ESRF_31","2021_040",12,2022-06-11 14:32:31,2022-06-11 18:39:34,46.07244359375,-58.8508815625
"671","SALM_ESRF_31","2021_043",12,2022-06-11 10:24:00,2022-06-11 10:45:54,46.0870213114754,-58.8179034426229
"672","SALM_ESRF_33","2021_025",9,2023-06-13 09:34:01,2023-06-13 09:50:56,45.9981928,-59.017304
"673","SALM_ESRF_33","2021_026",6,2023-06-13 09:59:38,2023-06-13 10:09:36,46.0032672916667,-59.0062927083333
"674","SALM_ESRF_33","2021_027",6,2023-06-13 10:24:42,2023-06-13 10:35:25,46.0083632926829,-58.9948780487805
"675","SALM_ESRF_33","2021_028",5,2023-06-13 10:42:53,2023-06-13 10:55:36,46.01304,-58.98382
"676","SALM_ESRF_34","2021_006",5,2023-06-14 15:48:46,2023-06-14 15:56:00,45.9879033333334,-59.2665762499999
"677","SALM_ESRF_35","2021_004",2,2023-06-15 20:44:40,2023-06-15 20:45:35,45.9877550306749,-59.2940050306747
"678","SALM_ESRF_36","2021_033",7,2023-06-13 01:25:04,2023-06-13 01:42:53,46.03757,-58.92871
"679","SALM_ESRF_36","2021_034",2,2023-06-13 02:03:47,2023-06-13 02:34:31,46.0427126530612,-58.9175971428571
"680","SALM_ESRF_36","2021_036",1,2023-06-13 04:52:24,2023-06-13 04:52:24,46.0528509090909,-58.895013409091
"681","SALM_ESRF_36","2021_037",9,2023-06-13 04:38:20,2023-06-13 05:52:24,46.05779984375,-58.8839246875001
"682","SALM_ESRF_36","2021_038",10,2023-06-13 05:46:28,2023-06-13 06:43:46,46.0626299999999,-58.8728099999999
"683","SALM_ESRF_36","2021_039",1,2023-06-13 07:03:43,2023-06-13 07:03:43,46.06739875,-58.8619451923075
"684","SALM_ESRF_37","2021_032",3,2023-06-15 23:04:55,2023-06-15 23:08:10,46.0330002702703,-58.939732972973
"685","SALM_ESRF_38","2021_018",17,2023-05-13 08:36:45,2023-05-13 09:15:22,45.9885546086957,-59.1056129565219
"686","SALM_ESRF_38","2021_019",23,2023-05-13 07:41:38,2023-05-13 08:33:50,45.9883137113401,-59.0919263917525
"687","SALM_ESRF_38","2021_020",6,2023-05-13 06:45:53,2023-05-13 07:00:24,45.988557961165,-59.0790185436893
"688","SALM_ESRF_38","2021_021",18,2023-05-13 05:15:10,2023-05-13 06:08:48,45.988069382716,-59.0642393827161
"689","SALM_ESRF_38","2021_043",9,2023-05-12 14:04:17,2023-05-12 14:20:54,46.0870213114754,-58.8179034426229
"690","SALM_ESRF_38","2021_044",2,2023-05-12 13:58:47,2023-05-12 14:00:49,46.0916781081081,-58.8069345945946
"691","SALM_ESRF_4","S13",4,2021-06-14 16:20:14,2021-06-14 16:27:35,46.0217610204081,-58.8780648299319
"692","SALM_ESRF_40","2021_038",17,2023-05-26 20:09:01,2023-05-26 21:07:00,46.0626299999999,-58.8728099999999
"693","SALM_ESRF_40","2021_039",41,2023-05-26 18:52:21,2023-05-26 21:12:22,46.06739875,-58.8619451923075
"694","SALM_ESRF_40","2021_040",4,2023-05-26 17:53:28,2023-05-26 18:07:15,46.07244359375,-58.8508815625
"695","SALM_ESRF_40","2021_041",36,2023-05-23 16:49:59,2023-05-23 18:36:47,46.0770484444445,-58.8401684444444
"696","SALM_ESRF_40","2021_043",2,2023-05-23 19:16:27,2023-05-23 19:20:07,46.0870213114754,-58.8179034426229
"697","SALM_ESRF_40","2021_044",5,2023-05-29 13:28:50,2023-05-29 13:49:59,46.0916781081081,-58.8069345945946
"698","SALM_ESRF_40","2021_045",28,2023-05-26 10:38:14,2023-05-29 13:54:20,46.0967629268293,-58.7963431707316
"699","SALM_ESRF_40","2021_046",2,2023-05-26 10:47:45,2023-05-26 11:26:40,46.1016862711861,-58.7853925423731
"700","SALM_ESRF_42","2021_035",3,2023-06-02 19:57:47,2023-06-02 20:07:30,46.0477045454545,-58.9062140909091
"701","SALM_ESRF_42","2021_036",6,2023-06-02 20:13:05,2023-06-02 20:23:27,46.0528509090909,-58.895013409091
"702","SALM_ESRF_42","2021_037",1,2023-06-02 20:40:01,2023-06-02 20:40:01,46.05779984375,-58.8839246875001
"703","SALM_ESRF_42","2021_038",16,2023-06-02 22:17:49,2023-06-03 09:09:51,46.0626299999999,-58.8728099999999
"704","SALM_ESRF_42","2021_039",9,2023-06-02 22:23:30,2023-06-02 22:48:22,46.06739875,-58.8619451923075
"705","SALM_ESRF_42","2021_040",14,2023-06-02 22:45:52,2023-06-03 07:29:42,46.07244359375,-58.8508815625
"706","SALM_ESRF_42","2021_041",3,2023-06-03 07:00:24,2023-06-03 07:13:37,46.0770484444445,-58.8401684444444
"707","SALM_ESRF_44","2021_016",9,2023-05-15 16:43:50,2023-05-15 17:00:13,45.9881743859649,-59.1315752631579
"708","SALM_ESRF_44","2021_017",26,2023-05-15 16:27:59,2023-05-15 19:49:10,45.9882261157024,-59.118367107438
"709","SALM_ESRF_44","2021_019",6,2023-05-15 09:05:04,2023-05-15 09:17:11,45.9883137113401,-59.0919263917525
"710","SALM_ESRF_44","2021_037",4,2023-05-04 11:28:04,2023-05-04 11:33:13,46.05779984375,-58.8839246875001
"711","SALM_ESRF_46","2021_043",7,2024-05-10 19:29:41,2024-05-10 19:53:59,46.0870213114754,-58.8179034426229
"712","SALM_ESRF_48","2021_001",12,2023-06-16 23:18:53,2023-06-16 23:37:20,45.9879952136752,-59.3334999999999
"713","SALM_ESRF_48","2021_011",2,2023-06-17 03:47:28,2023-06-17 03:51:23,45.9879442857143,-59.1990085714286
"714","SALM_ESRF_48","2021_012",7,2023-06-17 04:08:00,2023-06-17 04:21:44,45.9881194827586,-59.1855979310345
"715","SALM_ESRF_5","S7",1,2021-06-15 02:38:40,2021-06-15 02:38:40,46.021813375,-58.9560386250001
"716","SALM_ESRF_5","S8",2,2021-06-15 02:48:50,2021-06-15 02:52:30,46.0218387878787,-58.9429490909091
"717","SALM_ESRF_6","S20",9,2021-06-14 19:47:53,2021-06-14 20:03:19,46.021635914454,-58.8518733628312
"718","SALM_ESRF_7","S5",7,2021-06-14 05:24:49,2021-06-14 05:55:20,46.0218722159091,-58.9820525568182
"719","SALM_ESRF_7","S6",9,2021-06-14 06:01:26,2021-06-14 06:24:33,46.0217554878049,-58.9691136585366
"720","SALM_ESRF_8","S4",2,2021-06-06 23:34:07,2021-06-06 23:38:57,46.0219072727273,-58.9949264772727
"721","SALM_ESRF_9","N20",2,2021-06-12 20:10:33,2021-06-12 20:12:25,46.2384125,-59.0359945312501
"722","SALM_KNE_1","S7",13,2015-06-27 16:48:24,2015-06-27 17:13:48,46.021813375,-58.9560386250001
"723","SALM_MARSS_101","N21",3,2017-07-12 17:30:50,2017-07-12 17:32:05,46.2424019000003,-59.0237359000001
"724","SALM_MARSS_101","N22",1,2017-07-12 17:41:09,2017-07-12 17:41:09,46.2465957142857,-59.0120753571429
"725","SALM_MARSS_102","S12",28,2017-06-27 00:48:45,2017-06-27 01:09:59,46.0220764528301,-58.8911098867924
"726","SALM_MARSS_103","N19",4,2019-07-02 05:04:17,2019-07-02 05:09:18,46.2342877165354,-59.0474017322835
"727","SALM_MARSS_104","S13",9,2018-06-24 14:54:52,2018-06-24 15:10:19,46.0217610204081,-58.8780648299319
"728","SALM_MARSS_105","S2",15,2018-07-02 20:04:34,2018-07-02 20:17:36,46.0217242499999,-59.0199259374999
"729","SALM_NARR_1","S17",2,2017-06-20 23:59:39,2017-06-21 00:00:59,46.0217340175442,-59.0594905614035
"730","SALM_NARR_2","S23",9,2017-06-18 19:58:14,2017-06-18 20:03:41,46.0220495135133,-58.8129980900895
"731","SALM_PBN_1","S8",2,2015-06-15 20:25:16,2015-06-15 20:29:53,46.0218387878787,-58.9429490909091
"732","SALM_PBN_1","S9",10,2015-06-15 20:34:39,2015-06-15 20:40:58,46.0220081111111,-58.9299448888889
"733","SALM_PBN_2","S7",4,2015-06-16 15:56:26,2015-06-16 16:02:53,46.021813375,-58.9560386250001
"734","SALM_PBN_2","S8",9,2015-06-16 16:04:04,2015-06-16 16:18:43,46.0218387878787,-58.9429490909091
"735","SALM_PBN_3","S2",3,2015-06-18 22:27:04,2015-06-18 22:28:20,46.0217242499999,-59.0199259374999
"736","SALM_PBN_3","S3",4,2015-06-18 22:47:11,2015-06-18 22:51:48,46.0218397070314,-59.0076991406253
"737","SALM_PBN_3","S4",12,2015-06-18 22:58:37,2015-06-18 23:11:22,46.0219072727273,-58.9949264772727
"738","SALM_PBN_3","S5",19,2015-06-18 23:18:02,2015-06-18 23:32:22,46.0218722159091,-58.9820525568182
"739","SALM_PBN_3","S6",12,2015-06-18 23:34:54,2015-06-18 23:43:18,46.0217554878049,-58.9691136585366
"740","SALM_PBN_4","S8",8,2015-06-24 15:31:33,2015-06-24 15:37:55,46.0218387878787,-58.9429490909091
"741","SALM_PBN_5","S10",1,2015-06-19 12:00:45,2015-06-19 12:00:45,46.0216522994652,-58.9172277005346
"742","SALM_PBN_5","S11",23,2015-06-19 12:11:24,2015-06-19 12:25:28,46.0224201941747,-58.9037865048544
"743","SALM_PBN_6","S12",23,2015-06-19 09:32:49,2015-06-19 10:02:19,46.0220764528301,-58.8911098867924
"744","SALM_PBN_6","S13",11,2015-06-19 10:01:44,2015-06-19 10:13:54,46.0217610204081,-58.8780648299319
"745","SALM_PBU_1","N13",6,2017-06-25 02:23:59,2017-06-25 02:33:31,46.2002134575569,-59.1536598757767
"746","SALM_PBU_1","N14",3,2017-06-25 02:02:59,2017-06-25 02:05:35,46.1695911111114,-59.2475088888884
"747","SALM_PBU_10","2021_010",3,2023-06-09 19:19:41,2023-06-09 19:23:43,45.9880955102041,-59.2125887755102
"748","SALM_PBU_10","N12",1,2018-06-18 06:05:26,2018-06-18 06:05:26,46.2195009459459,-59.0942891216215
"749","SALM_PBU_10","N13",7,2018-06-18 05:54:57,2018-06-18 06:12:34,46.2002134575569,-59.1536598757767
"750","SALM_PBU_11","N20",3,2019-06-28 03:04:01,2019-06-28 03:07:51,46.2384125,-59.0359945312501
"751","SALM_PBU_11","S15",3,2019-06-27 22:57:15,2019-06-27 22:59:53,46.0216567833793,-59.0852207195076
"752","SALM_PBU_12","N22",5,2019-06-24 03:34:45,2019-06-24 03:44:51,46.2465957142857,-59.0120753571429
"753","SALM_PBU_13","S14",9,2019-06-29 23:23:28,2019-06-29 23:33:36,46.0216494236768,-59.0984821806845
"754","SALM_PBU_14","S15",30,2019-06-25 09:43:45,2019-06-25 10:31:16,46.0216567833793,-59.0852207195076
"755","SALM_PBU_15","S1",19,2018-06-18 04:22:41,2018-06-18 05:03:19,46.0217821698113,-59.0337486320757
"756","SALM_PBU_16","S1",17,2019-06-14 09:49:17,2019-06-14 10:12:17,46.0217821698113,-59.0337486320757
"757","SALM_PBU_17","S1",20,2018-07-03 01:54:56,2018-07-03 02:26:53,46.0217821698113,-59.0337486320757
"758","SALM_PBU_18","S11",1,2019-06-23 00:40:35,2019-06-23 00:40:35,46.0224201941747,-58.9037865048544
"759","SALM_PBU_18","S3",1,2019-06-22 21:08:51,2019-06-22 21:08:51,46.0218397070314,-59.0076991406253
"760","SALM_PBU_18","S4",2,2019-06-22 21:22:28,2019-06-22 21:24:47,46.0219072727273,-58.9949264772727
"761","SALM_PBU_18","S5",2,2019-06-22 21:37:12,2019-06-22 21:38:31,46.0218722159091,-58.9820525568182
"762","SALM_PBU_19","S5",15,2019-06-20 22:38:36,2019-06-20 22:58:54,46.0218722159091,-58.9820525568182
"763","SALM_PBU_2","S5",14,2017-06-16 04:23:37,2017-06-16 05:07:25,46.0218722159091,-58.9820525568182
"764","SALM_PBU_20","S10",13,2019-06-22 14:12:04,2019-06-22 14:32:43,46.0216522994652,-58.9172277005346
"765","SALM_PBU_20","S20",18,2019-06-23 16:38:26,2019-06-23 17:05:29,46.021635914454,-58.8518733628312
"766","SALM_PBU_20","S9",1,2019-06-22 13:59:41,2019-06-22 13:59:41,46.0220081111111,-58.9299448888889
"767","SALM_PBU_21","S10",12,2019-06-20 15:12:14,2019-06-20 15:28:21,46.0216522994652,-58.9172277005346
"768","SALM_PBU_22","S13",6,2019-06-19 02:22:48,2019-06-19 02:32:46,46.0217610204081,-58.8780648299319
"769","SALM_PBU_22","S19",2,2019-06-19 02:37:27,2019-06-19 02:38:36,46.0217368644067,-58.8646719491525
"770","SALM_PBU_23","S20",6,2018-06-16 20:37:49,2018-06-16 20:57:07,46.021635914454,-58.8518733628312
"771","SALM_PBU_24","S22",9,2018-06-17 03:51:02,2018-06-17 04:16:41,46.0219909414761,-58.8260958269718
"772","SALM_PBU_24","S23",24,2018-06-17 04:24:48,2018-06-17 04:57:49,46.0220495135133,-58.8129980900895
"773","SALM_PBU_25","S22",7,2018-06-20 22:49:39,2018-06-20 23:06:10,46.0219909414761,-58.8260958269718
"774","SALM_PBU_3","S21",3,2017-06-21 14:18:23,2017-06-21 14:22:50,46.0217965127016,-58.8395618475753
"775","SALM_PBU_9","N10",5,2018-06-24 09:58:57,2018-06-24 10:15:27,46.211606017316,-59.1180730303031
"776","SALM_PBU_9","N11",3,2018-06-24 10:22:39,2018-06-24 10:29:23,46.2157523287671,-59.1061971232877
"777","SALM_QRPT_1","N13",3,2021-06-15 08:35:58,2021-06-15 08:43:34,46.2002134575569,-59.1536598757767
"778","SALM_QRPT_1","N17",2,2021-06-15 09:16:12,2021-06-15 09:21:09,46.2269058,-59.0712372
"779","SALM_QRPT_2","S1",1,2021-06-18 14:32:07,2021-06-18 14:32:07,46.0217821698113,-59.0337486320757
"780","SALM_QRPT_2","S14",5,2021-06-18 12:44:43,2021-06-18 12:54:32,46.0216494236768,-59.0984821806845
"781","SALM_QRPT_2","S15",6,2021-06-18 13:07:01,2021-06-18 13:19:47,46.0216567833793,-59.0852207195076
"782","SALM_QRPT_2","S16",4,2021-06-18 13:31:05,2021-06-18 13:37:11,46.0218315856105,-59.072737135245
"783","SALM_QRPT_2","S17",4,2021-06-18 13:45:38,2021-06-18 13:58:02,46.0217340175442,-59.0594905614035
"784","SALM_QRPT_3","N13",11,2021-07-20 23:05:48,2021-07-20 23:22:27,46.2002134575569,-59.1536598757767
"785","SALM_QSLR_1","2021_046",9,2022-10-29 22:52:48,2022-10-29 23:11:35,46.1016862711861,-58.7853925423731
"786","SALM_QSLR_2","2021_031",6,2022-11-07 15:55:47,2022-11-07 16:05:39,46.02784,-58.95052
"787","SALM_QSLR_3","2021_010",3,2022-11-15 20:33:28,2022-11-15 21:09:04,45.9880955102041,-59.2125887755102
"788","SALM_QSLR_3","2021_013",8,2022-11-15 22:32:26,2022-11-15 23:07:40,45.9878044,-59.1707873000001
"789","SALM_QSLR_3","2021_018",5,2022-11-24 22:40:45,2022-11-24 23:03:56,45.9885546086957,-59.1056129565219
"790","SALM_QSLR_4","2021_014",2,2023-05-07 22:14:56,2023-05-07 22:19:29,45.9884536708861,-59.1584307594937
"791","SALM_TNGS_1","N18",2,2020-06-19 18:22:45,2020-06-19 18:24:17,46.2309723529412,-59.0589934224599
"792","SALM_TNGS_1","N7",1,2020-06-19 16:39:30,2020-06-19 16:39:30,46.2003244444443,-59.1532547494557
"793","SALM_TNGS_2","S10",3,2020-06-14 16:05:07,2020-06-14 16:07:15,46.0216522994652,-58.9172277005346
"794","SALM_UNBMIR_1","2021_005",4,2023-01-29 00:00:37,2023-01-29 00:34:06,45.9877987387387,-59.2798415315314
"795","SALM_UNBMIR_1","2021_006",18,2023-01-29 00:47:30,2023-01-29 01:13:46,45.9879033333334,-59.2665762499999
"796","SALM_UNBMIR_1","2021_008",12,2023-01-29 02:09:12,2023-01-29 02:28:55,45.9879725,-59.2401475
"797","SALM_V2LCBHNP_1","2021_014",16,2024-05-26 17:20:18,2024-05-26 17:29:28,45.9884536708861,-59.1584307594937
"798","SALM_V2LCBHNP_1","2021_016",28,2024-05-26 16:44:03,2024-05-26 16:57:48,45.9881743859649,-59.1315752631579
"799","SALM_V2LCBHNP_1","2021_017",23,2024-05-26 16:29:28,2024-05-26 16:39:53,45.9882261157024,-59.118367107438
"800","SALM_V2LCBHNP_1","2021_018",23,2024-05-26 16:14:52,2024-05-26 16:24:27,45.9885546086957,-59.1056129565219
"801","SALM_V2LCBHNP_1","2021_019",24,2024-05-26 15:57:22,2024-05-26 16:09:52,45.9883137113401,-59.0919263917525
"802","SALM_V2LCBHNP_1","2021_020",34,2024-05-26 15:34:52,2024-05-26 15:54:02,45.988557961165,-59.0790185436893
"803","SALM_V2LCBHNP_1","2021_021",1,2024-05-26 15:23:36,2024-05-26 15:23:36,45.988069382716,-59.0642393827161
"804","SALM_V2LCBHNP_1","2021_022",14,2024-05-26 10:31:33,2024-05-26 10:40:18,45.9881643023255,-59.0521934883721
"805","SALM_V2LCBHNP_2","2021_003",47,2024-02-12 06:03:01,2024-02-12 06:27:11,45.9880766917293,-59.3075851127818
"806","SALM_V2LCBHNP_2","2021_004",63,2024-02-11 23:55:29,2024-02-12 06:47:34,45.9877550306749,-59.2940050306747
"807","SALM_V2LCBHNP_2","2021_006",10,2024-02-12 07:39:16,2024-02-12 07:50:06,45.9879033333334,-59.2665762499999
"808","SALM_V2LCBHNP_2","2021_007",11,2024-02-12 07:56:22,2024-02-12 08:05:57,45.9883,-59.2537299999999
"809","SALM_V2LCBHNP_2","2021_013",20,2024-02-12 13:55:06,2024-02-12 14:10:06,45.9878044,-59.1707873000001
"810","SALM_V2LCBHNP_2","2021_014",31,2024-02-12 14:14:15,2024-02-12 14:33:00,45.9884536708861,-59.1584307594937
"811","SALM_V2LCBHNP_2","2021_027",34,2024-02-12 19:11:34,2024-02-12 19:39:04,46.0083632926829,-58.9948780487805
"812","SALM_V2LCBHNP_3","2021_001",2,2024-01-25 16:38:29,2024-01-25 16:44:19,45.9879952136752,-59.3334999999999
"813","SALM_V2LCBHNP_3","2021_017",15,2024-01-23 17:53:28,2024-01-23 18:03:53,45.9882261157024,-59.118367107438
"814","SALM_V2LCBHNP_4","2021_025",7,2024-05-12 20:40:03,2024-05-12 20:53:18,45.9981928,-59.017304
"815","SALM_V2LCBHNP_5","2021_018",20,2024-01-24 21:12:10,2024-01-24 21:47:28,45.9885546086957,-59.1056129565219
"816","SALM_V2LCBHNP_5","2021_045",3,2024-06-12 14:13:37,2024-06-12 14:25:51,46.0967629268293,-58.7963431707316
"817","SALM_V2LCBHNP_6","2021_040",2,2024-02-04 22:31:26,2024-02-04 23:19:10,46.07244359375,-58.8508815625
"818","SALM_V2LCBHNP_6","2021_046",7,2024-02-01 02:29:26,2024-02-01 02:43:26,46.1016862711861,-58.7853925423731
"819","SALM_V2LCBHNP_7","2021_013",4,2024-03-09 01:20:18,2024-03-09 01:31:14,45.9878044,-59.1707873000001
"820","SALM_V2LNSSA_1","S9",2,2021-06-14 04:20:48,2021-06-14 04:26:17,46.0220081111111,-58.9299448888889
"821","SALM_V2LNSSA_2","S21",5,2021-06-12 21:07:10,2021-06-12 21:13:45,46.0217965127016,-58.8395618475753
"822","SALM_V2LNSSA_3","S10",4,2021-06-13 12:57:24,2021-06-13 13:15:21,46.0216522994652,-58.9172277005346
"823","SALM_V2LNSSA_4","2021_011",11,2022-06-09 07:12:01,2022-06-09 07:27:08,45.9879442857143,-59.1990085714286
"824","SALM_V2LNSSA_5","2021_029",3,2022-06-06 16:29:01,2022-06-06 16:40:36,46.0181196363636,-58.9729683636364
"825","SALM_V2LNSSA_5","2021_030",3,2022-06-06 16:43:57,2022-06-06 16:56:58,46.022955,-58.961485
"826","SALM_V2LNSSA_5","2021_038",3,2022-06-06 21:28:12,2022-06-06 21:46:43,46.0626299999999,-58.8728099999999
"827","SALM_V2LNSSA_7","S12",3,2019-06-19 01:37:15,2019-06-19 01:47:42,46.0220764528301,-58.8911098867924
"828","STURG_QSLR_1","N13",2,2018-11-19 12:41:47,2018-11-19 12:52:35,46.2002134575569,-59.1536598757767
"829","STURG_QSLR_1","N23",7,2018-11-19 12:14:07,2018-11-19 12:37:00,46.1616778076923,-59.2711725769233
"830","WHITE_CCOCE_1","S19",5,2020-07-25 05:01:00,2020-07-25 05:11:18,46.0217368644067,-58.8646719491525
"831","WHITE_CCOCE_1","S20",2,2020-07-25 05:02:55,2020-07-25 05:06:07,46.021635914454,-58.8518733628312
"832","WHITE_CCOCE_10","2021_023",6,2023-07-04 09:30:29,2023-07-04 09:46:39,45.9881801408451,-59.0387242253522
"833","WHITE_CCOCE_10","2021_024",3,2023-07-04 09:53:46,2023-07-04 09:57:29,45.9934026785714,-59.0278394642856
"834","WHITE_CCOCE_10","2021_025",1,2023-07-04 10:21:06,2023-07-04 10:21:06,45.9981928,-59.017304
"835","WHITE_CCOCE_10","2021_026",6,2023-07-04 10:25:16,2023-07-04 10:38:16,46.0032672916667,-59.0062927083333
"836","WHITE_CCOCE_10","2021_027",4,2023-07-04 10:45:58,2023-07-04 10:51:24,46.0083632926829,-58.9948780487805
"837","WHITE_CCOCE_11","2021_001",2,2022-10-31 17:44:21,2022-10-31 17:47:18,45.9879952136752,-59.3334999999999
"838","WHITE_CCOCE_11","2021_003",2,2022-10-31 18:05:31,2022-10-31 18:08:20,45.9880766917293,-59.3075851127818
"839","WHITE_CCOCE_11","2021_004",1,2022-10-31 18:17:52,2022-10-31 18:17:52,45.9877550306749,-59.2940050306747
"840","WHITE_CCOCE_13","2021_013",3,2023-07-06 19:05:00,2023-07-06 19:08:11,45.9878044,-59.1707873000001
"841","WHITE_CCOCE_14","2021_010",4,2024-06-28 13:06:20,2024-06-28 13:10:22,45.9880955102041,-59.2125887755102
"842","WHITE_CCOCE_14","2021_037",4,2023-07-12 11:17:24,2023-07-12 11:23:33,46.05779984375,-58.8839246875001
"843","WHITE_CCOCE_14","2021_038",6,2023-07-12 11:24:07,2023-07-12 11:33:31,46.0626299999999,-58.8728099999999
"844","WHITE_CCOCE_15","2021_013",2,2023-08-21 14:28:56,2023-08-21 14:30:17,45.9878044,-59.1707873000001
"845","WHITE_CCOCE_15","2021_028",6,2022-11-04 02:12:39,2022-11-04 02:19:48,46.01304,-58.98382
"846","WHITE_CCOCE_15","2021_037",9,2024-06-30 23:25:00,2024-06-30 23:36:38,46.05779984375,-58.8839246875001
"847","WHITE_CCOCE_15","2021_044",2,2023-10-21 08:48:50,2023-10-21 08:59:15,46.0916781081081,-58.8069345945946
"848","WHITE_CCOCE_15","2021_045",6,2023-10-21 08:51:23,2023-10-21 08:57:45,46.0967629268293,-58.7963431707316
"849","WHITE_CCOCE_16","2021_046",2,2024-10-18 23:35:15,2024-10-18 23:37:25,46.1016862711861,-58.7853925423731
"850","WHITE_CCOCE_17","2021_017",3,2024-06-19 18:58:18,2024-06-19 19:01:58,45.9882261157024,-59.118367107438
"851","WHITE_CCOCE_17","2021_018",4,2024-06-19 19:08:03,2024-06-19 19:11:27,45.9885546086957,-59.1056129565219
"852","WHITE_CCOCE_17","2021_019",2,2024-06-19 19:16:49,2024-06-19 19:20:49,45.9883137113401,-59.0919263917525
"853","WHITE_CCOCE_17","2021_021",2,2024-06-19 19:44:57,2024-06-19 19:46:38,45.988069382716,-59.0642393827161
"854","WHITE_CCOCE_17","2021_022",5,2024-06-19 19:51:11,2024-06-19 19:57:47,45.9881643023255,-59.0521934883721
"855","WHITE_CCOCE_17","2021_023",6,2024-06-19 20:00:53,2024-06-19 20:10:13,45.9881801408451,-59.0387242253522
"856","WHITE_CCOCE_17","2021_026",6,2024-06-19 21:27:30,2024-06-19 21:35:08,46.0032672916667,-59.0062927083333
"857","WHITE_CCOCE_17","2021_029",5,2024-06-19 22:27:40,2024-06-19 22:33:55,46.0181196363636,-58.9729683636364
"858","WHITE_CCOCE_17","2021_032",1,2024-06-19 23:34:06,2024-06-19 23:34:06,46.0330002702703,-58.939732972973
"859","WHITE_CCOCE_18","2021_023",10,2024-07-07 11:53:39,2024-07-07 12:08:47,45.9881801408451,-59.0387242253522
"860","WHITE_CCOCE_19","2021_005",5,2024-06-23 20:37:17,2024-06-23 20:44:38,45.9877987387387,-59.2798415315314
"861","WHITE_CCOCE_2","N3",2,2020-11-20 12:49:45,2020-11-20 12:51:17,46.1841454838711,-59.2004729032259
"862","WHITE_CCOCE_2","N4",2,2020-11-20 12:33:10,2020-11-20 12:35:14,46.1890466981132,-59.1881770754717
"863","WHITE_CCOCE_2","N5",3,2020-11-20 12:27:45,2020-11-20 12:31:22,46.1925420129872,-59.1766761038962
"864","WHITE_CCOCE_2","N6",4,2020-11-20 12:14:37,2020-11-20 12:21:55,46.1965967910449,-59.1646832089553
"865","WHITE_CCOCE_2","N7",5,2020-11-20 12:01:38,2020-11-20 12:07:54,46.2003244444443,-59.1532547494557
"866","WHITE_CCOCE_2","N8",3,2020-11-20 12:42:36,2020-11-20 12:46:37,46.2039218840581,-59.1414146376813
"867","WHITE_CCOCE_3","2021_002",3,2021-11-11 19:20:53,2021-11-11 19:23:04,45.98769,-59.32067
"868","WHITE_CCOCE_4","N1",4,2021-06-19 14:31:18,2021-06-19 14:36:13,46.1773207510729,-59.2236031759658
"869","WHITE_CCOCE_4","N15",2,2021-06-19 14:28:05,2021-06-19 14:29:32,46.1734121895428,-59.2360301960789
"870","WHITE_CCOCE_5","2021_029",7,2022-07-02 15:06:02,2022-07-02 15:17:48,46.0181196363636,-58.9729683636364
"871","WHITE_CCOCE_5","2021_031",6,2022-07-02 14:14:42,2022-07-02 14:24:24,46.02784,-58.95052
"872","WHITE_CCOCE_6","N19",6,2020-10-01 00:29:06,2020-10-01 00:35:21,46.2342877165354,-59.0474017322835
"873","WHITE_CCOCE_6","N20",2,2020-10-01 00:38:55,2020-10-01 00:40:22,46.2384125,-59.0359945312501
"874","WHITE_CCOCE_7","2021_001",7,2021-11-04 22:07:54,2023-09-26 05:26:59,45.9879952136752,-59.3334999999999
"875","WHITE_CCOCE_7","2021_003",4,2023-09-26 05:57:26,2023-09-26 06:02:55,45.9880766917293,-59.3075851127818
"876","WHITE_CCOCE_7","2021_004",8,2023-09-26 06:13:31,2023-09-26 06:24:48,45.9877550306749,-59.2940050306747
"877","WHITE_CCOCE_7","2021_005",1,2023-09-26 06:37:47,2023-09-26 06:37:47,45.9877987387387,-59.2798415315314
"878","WHITE_CCOCE_7","2021_006",2,2023-09-26 06:46:52,2023-09-26 06:53:53,45.9879033333334,-59.2665762499999
"879","WHITE_CCOCE_7","2021_007",3,2023-09-26 07:03:07,2023-09-26 07:06:31,45.9883,-59.2537299999999
"880","WHITE_CCOCE_7","2021_008",2,2023-09-26 07:19:10,2023-09-26 07:22:35,45.9879725,-59.2401475
"881","WHITE_CCOCE_7","S8",6,2020-07-12 19:57:47,2020-07-12 20:04:10,46.0218387878787,-58.9429490909091
"882","WHITE_CCOCE_7","S9",2,2020-07-12 20:27:21,2020-07-12 20:29:23,46.0220081111111,-58.9299448888889
"883","WHITE_CCOCE_8","N11",1,2020-07-07 07:37:17,2020-07-07 07:37:17,46.2157523287671,-59.1061971232877
"884","WHITE_CCOCE_8","N12",11,2020-07-07 08:14:50,2020-07-07 08:28:46,46.2195009459459,-59.0942891216215
"885","WHITE_CCOCE_8","N13",7,2020-07-07 08:44:49,2020-07-07 08:53:31,46.2002134575569,-59.1536598757767
"886","WHITE_CCOCE_8","S1",11,2021-06-22 05:35:23,2021-06-22 05:53:02,46.0217821698113,-59.0337486320757
"887","WHITE_CCOCE_8","S18",7,2021-06-22 05:18:48,2021-06-22 05:33:38,46.0216584769538,-59.0470035270543
"888","WHITE_CCOCE_9","N13",2,2019-07-01 03:18:45,2019-07-01 03:20:30,46.2002134575569,-59.1536598757767
"889","WHITE_HMSWEA_1","2021_014",1,2023-09-22 01:25:43,2023-09-22 01:25:43,45.9884536708861,-59.1584307594937
"890","WHITE_HMSWEA_1","2021_016",1,2023-09-08 10:05:50,2023-09-08 10:05:50,45.9881743859649,-59.1315752631579
"891","WHITE_HMSWEA_1","2021_017",3,2023-09-08 10:09:35,2023-09-08 12:50:45,45.9882261157024,-59.118367107438
"892","WHITE_HMSWEA_1","2021_018",2,2023-09-08 12:52:56,2023-09-08 12:54:32,45.9885546086957,-59.1056129565219
"893","WHITE_HMSWEA_1","2021_020",2,2024-08-05 05:01:37,2024-08-05 05:04:09,45.988557961165,-59.0790185436893
"894","WHITE_HMSWEA_1","2021_029",4,2023-09-24 18:06:44,2023-09-24 18:12:03,46.0181196363636,-58.9729683636364
"895","WHITE_HMSWEA_1","2021_030",2,2023-09-24 18:13:56,2023-09-24 18:16:17,46.022955,-58.961485
"896","WHITE_HMSWEA_1","2021_032",3,2022-09-14 22:05:59,2022-09-14 22:09:29,46.0330002702703,-58.939732972973
"897","WHITE_HMSWEA_2","2021_040",4,2023-09-21 19:18:42,2023-09-21 19:25:37,46.07244359375,-58.8508815625
"898","WHITE_HMSWEA_3","2021_001",5,2023-09-28 00:40:42,2023-09-28 00:50:16,45.9879952136752,-59.3334999999999
"899","WHITE_HMSWEA_3","2021_008",5,2023-09-04 21:06:43,2023-09-04 21:54:41,45.9879725,-59.2401475
"900","WHITE_HMSWEA_3","2021_009",20,2023-09-04 21:19:45,2023-09-04 22:37:53,45.988321038961,-59.2250048051948
"901","WHITE_HMSWEA_3","2021_010",2,2023-09-04 22:15:58,2023-09-04 22:18:19,45.9880955102041,-59.2125887755102
"902","WHITE_MSRPWS_1","2021_006",1,2024-07-22 12:43:38,2024-07-22 12:43:38,45.9879033333334,-59.2665762499999
"903","WHITE_MSRPWS_1","2021_007",2,2024-07-22 12:37:10,2024-07-22 12:41:59,45.9883,-59.2537299999999
"904","WHITE_MSRPWS_1","2021_008",3,2024-07-22 12:25:35,2024-07-22 12:32:12,45.9879725,-59.2401475
"905","WHITE_MSRPWS_1","2021_009",4,2024-07-22 12:11:22,2024-07-22 12:17:39,45.988321038961,-59.2250048051948
"906","WHITE_MSRPWS_1","2021_026",7,2024-07-21 13:38:43,2024-07-21 13:49:45,46.0032672916667,-59.0062927083333
"907","WHITE_MSRPWS_10","2021_011",2,2023-10-29 11:20:50,2023-10-29 11:21:56,45.9879442857143,-59.1990085714286
"908","WHITE_MSRPWS_10","S2",1,2019-07-18 17:09:58,2019-07-18 17:09:58,46.0217242499999,-59.0199259374999
"909","WHITE_MSRPWS_10","S3",6,2019-07-18 17:17:47,2019-07-18 17:27:03,46.0218397070314,-59.0076991406253
"910","WHITE_MSRPWS_10","S4",8,2019-07-18 17:24:15,2019-07-18 17:36:53,46.0219072727273,-58.9949264772727
"911","WHITE_MSRPWS_10","S7",3,2019-09-28 01:09:17,2019-09-28 01:13:10,46.021813375,-58.9560386250001
"912","WHITE_MSRPWS_10","S8",1,2019-09-28 01:05:58,2019-09-28 01:05:58,46.0218387878787,-58.9429490909091
"913","WHITE_MSRPWS_11","2021_006",1,2024-06-26 19:09:21,2024-06-26 19:09:21,45.9879033333334,-59.2665762499999
"914","WHITE_MSRPWS_11","2021_007",7,2023-11-09 12:53:01,2024-06-26 19:18:15,45.9883,-59.2537299999999
"915","WHITE_MSRPWS_11","2021_021",1,2021-11-13 21:18:21,2021-11-13 21:18:21,45.988069382716,-59.0642393827161
"916","WHITE_MSRPWS_12","2021_001",6,2023-08-31 02:50:04,2023-08-31 02:56:55,45.9879952136752,-59.3334999999999
"917","WHITE_MSRPWS_12","2021_019",1,2023-10-27 08:35:43,2023-10-27 08:35:43,45.9883137113401,-59.0919263917525
"918","WHITE_MSRPWS_12","2021_046",1,2023-10-27 21:23:34,2023-10-27 21:23:34,46.1016862711861,-58.7853925423731
"919","WHITE_MSRPWS_12","N12",7,2021-08-01 04:47:47,2021-08-01 04:57:20,46.2195009459459,-59.0942891216215
"920","WHITE_MSRPWS_13","2021_029",4,2024-07-14 19:32:16,2024-07-14 19:40:45,46.0181196363636,-58.9729683636364
"921","WHITE_MSRPWS_13","S10",4,2019-09-05 17:54:28,2019-09-05 17:58:52,46.0216522994652,-58.9172277005346
"922","WHITE_MSRPWS_13","S11",4,2019-09-05 18:02:58,2019-09-05 18:07:06,46.0224201941747,-58.9037865048544
"923","WHITE_MSRPWS_13","S13",1,2019-09-05 18:21:40,2019-09-05 18:21:40,46.0217610204081,-58.8780648299319
"924","WHITE_MSRPWS_13","S8",6,2019-09-05 16:59:29,2019-09-05 17:13:48,46.0218387878787,-58.9429490909091
"925","WHITE_MSRPWS_13","S9",4,2019-09-05 17:44:23,2019-09-05 17:47:56,46.0220081111111,-58.9299448888889
"926","WHITE_MSRPWS_14","N13",4,2019-10-13 15:16:38,2019-10-13 15:21:24,46.2002134575569,-59.1536598757767
"927","WHITE_MSRPWS_14","N23",2,2019-10-13 15:09:21,2019-10-13 15:10:34,46.1616778076923,-59.2711725769233
"928","WHITE_MSRPWS_16","S12",1,2016-02-20 00:27:04,2016-02-20 00:27:04,46.0220764528301,-58.8911098867924
"929","WHITE_MSRPWS_16","S13",7,2016-02-20 00:18:50,2016-02-20 00:25:29,46.0217610204081,-58.8780648299319
"930","WHITE_MSRPWS_17","2021_001",3,2021-11-10 11:05:07,2021-11-10 11:11:24,45.9879952136752,-59.3334999999999
"931","WHITE_MSRPWS_17","2021_002",2,2021-08-26 13:24:25,2021-08-26 13:25:52,45.98769,-59.32067
"932","WHITE_MSRPWS_17","2021_005",10,2021-08-26 08:09:57,2021-08-26 08:21:56,45.9877987387387,-59.2798415315314
"933","WHITE_MSRPWS_17","2021_013",7,2021-10-18 10:53:43,2021-10-18 11:03:33,45.9878044,-59.1707873000001
"934","WHITE_MSRPWS_17","2021_014",1,2021-10-18 10:54:59,2021-10-18 10:54:59,45.9884536708861,-59.1584307594937
"935","WHITE_MSRPWS_17","2021_044",2,2021-11-14 19:37:51,2021-11-14 19:39:09,46.0916781081081,-58.8069345945946
"936","WHITE_MSRPWS_18","2021_009",1,2023-09-10 03:21:50,2023-09-10 03:21:50,45.988321038961,-59.2250048051948
"937","WHITE_MSRPWS_18","2021_010",7,2023-09-10 08:20:14,2023-09-10 08:28:25,45.9880955102041,-59.2125887755102
"938","WHITE_MSRPWS_18","2021_012",2,2023-08-01 15:55:26,2023-08-01 15:56:47,45.9881194827586,-59.1855979310345
"939","WHITE_MSRPWS_18","2021_013",2,2023-08-01 16:06:41,2023-08-01 16:07:53,45.9878044,-59.1707873000001
"940","WHITE_MSRPWS_18","2021_014",2,2023-10-04 14:42:35,2023-10-04 14:46:41,45.9884536708861,-59.1584307594937
"941","WHITE_MSRPWS_18","2021_016",5,2023-10-04 15:07:34,2023-10-04 15:14:27,45.9881743859649,-59.1315752631579
"942","WHITE_MSRPWS_18","2021_017",3,2023-10-04 15:23:43,2023-10-04 15:26:19,45.9882261157024,-59.118367107438
"943","WHITE_MSRPWS_18","2021_018",9,2023-10-04 15:33:36,2023-10-04 15:51:50,45.9885546086957,-59.1056129565219
"944","WHITE_MSRPWS_18","2021_019",2,2023-10-04 15:47:16,2023-10-04 15:49:30,45.9883137113401,-59.0919263917525
"945","WHITE_MSRPWS_19","2021_001",4,2022-09-18 07:07:25,2022-09-18 07:12:27,45.9879952136752,-59.3334999999999
"946","WHITE_MSRPWS_19","2021_004",2,2022-09-18 09:18:15,2022-09-18 09:19:59,45.9877550306749,-59.2940050306747
"947","WHITE_MSRPWS_19","2021_005",2,2022-09-18 09:04:45,2022-09-18 09:07:25,45.9877987387387,-59.2798415315314
"948","WHITE_MSRPWS_19","2021_006",1,2022-09-18 08:53:51,2022-09-18 08:53:51,45.9879033333334,-59.2665762499999
"949","WHITE_MSRPWS_2","2021_006",2,2023-11-11 20:01:50,2023-11-11 20:03:23,45.9879033333334,-59.2665762499999
"950","WHITE_MSRPWS_2","2021_007",2,2023-11-11 19:54:06,2023-11-11 19:56:46,45.9883,-59.2537299999999
"951","WHITE_MSRPWS_2","2021_029",3,2023-11-16 14:01:54,2023-11-16 14:08:48,46.0181196363636,-58.9729683636364
"952","WHITE_MSRPWS_2","2021_030",2,2023-11-16 14:13:06,2023-11-16 14:14:23,46.022955,-58.961485
"953","WHITE_MSRPWS_2","N21",6,2020-08-13 17:53:50,2020-08-13 18:01:58,46.2424019000003,-59.0237359000001
"954","WHITE_MSRPWS_2","S1",7,2020-08-13 23:31:48,2020-08-13 23:39:47,46.0217821698113,-59.0337486320757
"955","WHITE_MSRPWS_20","2021_043",5,2021-11-03 10:32:59,2021-11-03 10:43:04,46.0870213114754,-58.8179034426229
"956","WHITE_MSRPWS_20","2021_044",3,2021-11-03 10:31:21,2021-11-03 10:37:06,46.0916781081081,-58.8069345945946
"957","WHITE_MSRPWS_21","2021_001",6,2022-08-30 20:10:53,2022-08-30 20:20:28,45.9879952136752,-59.3334999999999
"958","WHITE_MSRPWS_21","2021_005",5,2022-10-28 02:40:59,2022-10-28 02:47:44,45.9877987387387,-59.2798415315314
"959","WHITE_MSRPWS_22","2021_001",5,2023-07-08 03:43:12,2023-07-08 03:49:19,45.9879952136752,-59.3334999999999
"960","WHITE_MSRPWS_22","2021_003",4,2023-07-08 03:26:48,2023-07-08 03:31:04,45.9880766917293,-59.3075851127818
"961","WHITE_MSRPWS_22","2021_026",5,2023-07-07 23:37:42,2023-07-07 23:45:04,46.0032672916667,-59.0062927083333
"962","WHITE_MSRPWS_23","2021_028",1,2022-06-06 13:04:04,2022-06-06 13:04:04,46.01304,-58.98382
"963","WHITE_MSRPWS_23","2021_029",8,2022-06-06 13:09:01,2022-06-06 13:20:55,46.0181196363636,-58.9729683636364
"964","WHITE_MSRPWS_24","2021_027",4,2021-11-03 00:55:10,2021-11-03 00:58:48,46.0083632926829,-58.9948780487805
"965","WHITE_MSRPWS_25","2021_008",2,2023-07-31 00:45:43,2023-07-31 00:47:09,45.9879725,-59.2401475
"966","WHITE_MSRPWS_25","2021_009",1,2023-07-31 00:55:06,2023-07-31 00:55:06,45.988321038961,-59.2250048051948
"967","WHITE_MSRPWS_25","2021_011",2,2023-07-31 01:15:40,2023-07-31 01:16:50,45.9879442857143,-59.1990085714286
"968","WHITE_MSRPWS_25","2021_024",1,2023-07-31 03:29:56,2023-07-31 03:29:56,45.9934026785714,-59.0278394642856
"969","WHITE_MSRPWS_25","2021_025",4,2023-07-31 03:33:56,2023-07-31 03:39:12,45.9981928,-59.017304
"970","WHITE_MSRPWS_25","2021_026",6,2023-07-31 03:44:16,2023-07-31 03:51:05,46.0032672916667,-59.0062927083333
"971","WHITE_MSRPWS_25","2021_036",11,2023-07-31 07:48:47,2023-07-31 08:05:30,46.0528509090909,-58.895013409091
"972","WHITE_MSRPWS_25","2021_037",1,2023-07-31 07:37:18,2023-07-31 07:37:18,46.05779984375,-58.8839246875001
"973","WHITE_MSRPWS_25","S15",3,2020-08-08 17:48:29,2020-08-08 17:51:34,46.0216567833793,-59.0852207195076
"974","WHITE_MSRPWS_26","2021_008",5,2021-11-04 17:22:41,2021-11-04 17:29:00,45.9879725,-59.2401475
"975","WHITE_MSRPWS_26","2021_020",9,2021-09-05 04:49:23,2021-09-05 05:02:55,45.988557961165,-59.0790185436893
"976","WHITE_MSRPWS_26","S4",5,2021-07-31 22:14:18,2021-07-31 22:20:31,46.0219072727273,-58.9949264772727
"977","WHITE_MSRPWS_26","S5",2,2021-07-31 22:29:44,2021-07-31 22:31:09,46.0218722159091,-58.9820525568182
"978","WHITE_MSRPWS_27","2021_009",6,2023-07-27 09:27:56,2023-07-27 09:35:39,45.988321038961,-59.2250048051948
"979","WHITE_MSRPWS_27","2021_010",1,2023-07-27 09:42:43,2023-07-27 09:42:43,45.9880955102041,-59.2125887755102
"980","WHITE_MSRPWS_27","2021_011",3,2023-07-27 09:51:47,2023-07-27 10:00:47,45.9879442857143,-59.1990085714286
"981","WHITE_MSRPWS_27","2021_014",1,2023-07-27 10:35:15,2023-07-27 10:35:15,45.9884536708861,-59.1584307594937
"982","WHITE_MSRPWS_27","2021_016",5,2023-07-27 11:11:06,2023-07-27 11:22:08,45.9881743859649,-59.1315752631579
"983","WHITE_MSRPWS_27","2021_017",4,2023-07-27 11:26:44,2023-07-27 11:33:51,45.9882261157024,-59.118367107438
"984","WHITE_MSRPWS_27","2021_018",4,2023-07-27 11:38:26,2023-07-27 11:44:09,45.9885546086957,-59.1056129565219
"985","WHITE_MSRPWS_27","2021_019",2,2024-07-29 23:29:18,2024-07-29 23:31:20,45.9883137113401,-59.0919263917525
"986","WHITE_MSRPWS_27","2021_020",3,2024-07-29 23:33:20,2024-07-29 23:36:55,45.988557961165,-59.0790185436893
"987","WHITE_MSRPWS_28","2021_003",9,2022-10-18 02:48:23,2022-10-18 02:59:22,45.9880766917293,-59.3075851127818
"988","WHITE_MSRPWS_29","2021_018",1,2022-07-24 11:11:08,2022-07-24 11:11:08,45.9885546086957,-59.1056129565219
"989","WHITE_MSRPWS_29","2021_019",11,2022-07-24 11:20:45,2022-07-24 11:41:28,45.9883137113401,-59.0919263917525
"990","WHITE_MSRPWS_29","2021_034",1,2022-07-24 14:57:04,2022-07-24 14:57:04,46.0427126530612,-58.9175971428571
"991","WHITE_MSRPWS_29","2021_035",2,2022-07-24 15:06:20,2022-07-24 15:07:48,46.0477045454545,-58.9062140909091
"992","WHITE_MSRPWS_29","2021_036",1,2022-07-24 15:15:14,2022-07-24 15:15:14,46.0528509090909,-58.895013409091
"993","WHITE_MSRPWS_3","2021_001",9,2023-10-04 14:39:13,2023-10-04 14:54:21,45.9879952136752,-59.3334999999999
"994","WHITE_MSRPWS_3","2021_018",1,2023-06-27 06:34:08,2023-06-27 06:34:08,45.9885546086957,-59.1056129565219
"995","WHITE_MSRPWS_3","2021_041",1,2023-06-27 13:06:43,2023-06-27 13:06:43,46.0770484444445,-58.8401684444444
"996","WHITE_MSRPWS_30","2021_008",9,2022-07-20 22:09:34,2022-07-20 22:24:16,45.9879725,-59.2401475
"997","WHITE_MSRPWS_30","2021_031",8,2022-07-21 14:41:14,2022-07-21 14:50:42,46.02784,-58.95052
"998","WHITE_MSRPWS_30","2021_032",16,2022-07-21 12:15:35,2022-07-21 15:20:15,46.0330002702703,-58.939732972973
"999","WHITE_MSRPWS_30","2021_033",21,2022-07-21 15:25:01,2022-07-21 16:06:05,46.03757,-58.92871
"1000","WHITE_MSRPWS_30","2021_034",17,2022-07-21 15:58:12,2022-07-21 16:27:11,46.0427126530612,-58.9175971428571
"1001","WHITE_MSRPWS_30","2021_041",12,2022-07-21 18:34:59,2022-07-21 18:54:51,46.0770484444445,-58.8401684444444
"1002","WHITE_MSRPWS_30","2021_042",10,2022-07-21 18:50:09,2022-07-21 19:13:14,46.08203,-58.82902
"1003","WHITE_MSRPWS_30","2021_043",1,2022-07-21 19:12:07,2022-07-21 19:12:07,46.0870213114754,-58.8179034426229
"1004","WHITE_MSRPWS_31","N4",5,2020-07-04 15:12:38,2020-07-04 15:19:00,46.1890466981132,-59.1881770754717
"1005","WHITE_MSRPWS_31","N5",1,2020-07-04 15:22:09,2020-07-04 15:22:09,46.1925420129872,-59.1766761038962
"1006","WHITE_MSRPWS_32","2021_004",3,2023-09-20 14:44:50,2023-09-20 14:47:26,45.9877550306749,-59.2940050306747
"1007","WHITE_MSRPWS_32","2021_005",10,2023-09-20 14:22:28,2023-09-20 14:33:28,45.9877987387387,-59.2798415315314
"1008","WHITE_MSRPWS_32","2021_006",4,2023-09-25 20:53:07,2023-09-25 20:56:37,45.9879033333334,-59.2665762499999
"1009","WHITE_MSRPWS_32","2021_007",5,2023-09-25 21:04:08,2023-09-25 21:09:18,45.9883,-59.2537299999999
"1010","WHITE_MSRPWS_32","2021_008",3,2023-09-25 21:19:52,2023-09-25 21:22:26,45.9879725,-59.2401475
"1011","WHITE_MSRPWS_32","2021_023",3,2023-08-05 07:20:31,2023-08-05 07:25:04,45.9881801408451,-59.0387242253522
"1012","WHITE_MSRPWS_32","2021_040",4,2023-08-06 16:31:01,2023-08-06 16:36:08,46.07244359375,-58.8508815625
"1013","WHITE_MSRPWS_32","2021_041",10,2023-08-06 16:16:43,2023-08-06 16:29:39,46.0770484444445,-58.8401684444444
"1014","WHITE_MSRPWS_33","N1",5,2021-06-28 20:54:10,2021-06-28 21:00:07,46.1773207510729,-59.2236031759658
"1015","WHITE_MSRPWS_33","N6",2,2020-07-20 16:40:18,2020-07-20 16:41:30,46.1965967910449,-59.1646832089553
"1016","WHITE_MSRPWS_34","2021_003",2,2024-06-24 10:22:38,2024-06-24 10:24:01,45.9880766917293,-59.3075851127818
"1017","WHITE_MSRPWS_34","2021_004",11,2023-07-31 14:56:29,2023-08-06 12:54:41,45.9877550306749,-59.2940050306747
"1018","WHITE_MSRPWS_34","2021_006",3,2023-07-28 07:33:31,2023-07-28 07:38:07,45.9879033333334,-59.2665762499999
"1019","WHITE_MSRPWS_34","2021_011",4,2024-06-24 14:30:23,2024-06-24 14:35:04,45.9879442857143,-59.1990085714286
"1020","WHITE_MSRPWS_34","2021_017",4,2023-09-19 05:24:25,2023-09-19 05:30:23,45.9882261157024,-59.118367107438
"1021","WHITE_MSRPWS_35","2021_003",4,2023-07-17 14:46:46,2023-07-17 14:55:27,45.9880766917293,-59.3075851127818
"1022","WHITE_MSRPWS_35","2021_004",6,2023-07-17 14:59:09,2023-07-17 15:11:22,45.9877550306749,-59.2940050306747
"1023","WHITE_MSRPWS_35","2021_005",7,2023-07-17 15:09:57,2023-07-17 15:24:06,45.9877987387387,-59.2798415315314
"1024","WHITE_MSRPWS_35","2021_006",5,2023-07-17 15:36:42,2023-07-17 15:41:38,45.9879033333334,-59.2665762499999
"1025","WHITE_MSRPWS_36","2021_002",1,2022-08-05 19:02:38,2022-08-05 19:02:38,45.98769,-59.32067
"1026","WHITE_MSRPWS_36","2021_003",1,2022-08-05 19:16:21,2022-08-05 19:16:21,45.9880766917293,-59.3075851127818
"1027","WHITE_MSRPWS_36","2021_004",4,2022-08-05 19:27:43,2022-08-05 19:36:52,45.9877550306749,-59.2940050306747
"1028","WHITE_MSRPWS_36","2021_005",3,2022-08-05 19:41:28,2022-08-05 19:46:13,45.9877987387387,-59.2798415315314
"1029","WHITE_MSRPWS_36","2021_006",2,2022-08-05 19:53:18,2022-08-05 19:57:28,45.9879033333334,-59.2665762499999
"1030","WHITE_MSRPWS_36","2021_010",1,2022-08-05 20:48:12,2022-08-05 20:48:12,45.9880955102041,-59.2125887755102
"1031","WHITE_MSRPWS_36","2021_012",2,2022-08-05 21:15:16,2022-08-05 21:17:02,45.9881194827586,-59.1855979310345
"1032","WHITE_MSRPWS_36","2021_013",1,2022-08-05 21:25:52,2022-08-05 21:25:52,45.9878044,-59.1707873000001
"1033","WHITE_MSRPWS_36","2021_014",2,2022-08-05 21:40:26,2022-08-05 21:42:16,45.9884536708861,-59.1584307594937
"1034","WHITE_MSRPWS_36","2021_017",2,2022-08-05 22:20:38,2022-08-05 22:22:14,45.9882261157024,-59.118367107438
"1035","WHITE_MSRPWS_36","2021_018",3,2022-08-05 22:31:16,2022-08-05 22:35:36,45.9885546086957,-59.1056129565219
"1036","WHITE_MSRPWS_36","2021_019",3,2022-08-05 22:44:59,2022-08-05 22:48:59,45.9883137113401,-59.0919263917525
"1037","WHITE_MSRPWS_36","2021_020",2,2022-08-05 22:56:23,2022-08-05 22:58:58,45.988557961165,-59.0790185436893
"1038","WHITE_MSRPWS_36","2021_021",4,2022-08-05 23:06:08,2022-08-05 23:13:36,45.988069382716,-59.0642393827161
"1039","WHITE_MSRPWS_36","2021_022",4,2022-08-05 23:21:32,2022-08-05 23:25:59,45.9881643023255,-59.0521934883721
"1040","WHITE_MSRPWS_36","2021_023",4,2022-08-05 23:29:28,2022-08-05 23:35:31,45.9881801408451,-59.0387242253522
"1041","WHITE_MSRPWS_36","2021_024",3,2022-08-05 23:40:55,2022-08-05 23:45:58,45.9934026785714,-59.0278394642856
"1042","WHITE_MSRPWS_36","2021_025",1,2022-08-05 23:55:22,2022-08-05 23:55:22,45.9981928,-59.017304
"1043","WHITE_MSRPWS_36","2021_043",5,2022-08-06 06:03:07,2022-08-06 06:16:51,46.0870213114754,-58.8179034426229
"1044","WHITE_MSRPWS_36","2021_044",2,2022-08-06 06:05:07,2022-08-06 06:07:40,46.0916781081081,-58.8069345945946
"1045","WHITE_MSRPWS_37","2021_013",3,2022-10-13 16:13:25,2022-10-13 16:18:13,45.9878044,-59.1707873000001
"1046","WHITE_MSRPWS_37","2021_014",5,2022-10-13 16:09:06,2022-10-13 16:21:47,45.9884536708861,-59.1584307594937
"1047","WHITE_MSRPWS_37","N4",2,2020-10-07 01:48:11,2020-10-07 01:52:45,46.1890466981132,-59.1881770754717
"1048","WHITE_MSRPWS_37","S2",2,2020-10-07 05:46:28,2020-10-07 05:48:31,46.0217242499999,-59.0199259374999
"1049","WHITE_MSRPWS_37","S3",2,2020-10-07 05:50:57,2020-10-07 05:53:33,46.0218397070314,-59.0076991406253
"1050","WHITE_MSRPWS_38","2021_005",5,2022-07-22 06:05:31,2022-07-22 06:12:25,45.9877987387387,-59.2798415315314
"1051","WHITE_MSRPWS_38","2021_006",1,2022-07-22 06:03:55,2022-07-22 06:03:55,45.9879033333334,-59.2665762499999
"1052","WHITE_MSRPWS_38","2021_029",3,2023-11-04 22:17:19,2023-11-04 22:21:08,46.0181196363636,-58.9729683636364
"1053","WHITE_MSRPWS_38","2021_030",1,2023-11-04 22:23:51,2023-11-04 22:23:51,46.022955,-58.961485
"1054","WHITE_MSRPWS_39","2021_004",6,2022-12-05 04:57:46,2022-12-05 05:08:43,45.9877550306749,-59.2940050306747
"1055","WHITE_MSRPWS_39","2021_005",1,2022-12-05 04:56:22,2022-12-05 04:56:22,45.9877987387387,-59.2798415315314
"1056","WHITE_MSRPWS_4","2021_018",4,2023-09-18 02:09:22,2023-09-18 02:17:07,45.9885546086957,-59.1056129565219
"1057","WHITE_MSRPWS_4","2021_025",2,2023-09-18 04:17:55,2023-09-18 04:19:19,45.9981928,-59.017304
"1058","WHITE_MSRPWS_4","2021_026",16,2023-09-18 04:28:28,2024-07-22 00:10:43,46.0032672916667,-59.0062927083333
"1059","WHITE_MSRPWS_4","2021_027",2,2024-07-21 23:13:41,2024-07-21 23:15:10,46.0083632926829,-58.9948780487805
"1060","WHITE_MSRPWS_41","2021_017",5,2023-07-09 07:37:13,2023-07-09 07:47:33,45.9882261157024,-59.118367107438
"1061","WHITE_MSRPWS_41","2021_024",5,2023-07-09 09:06:53,2023-07-09 09:14:54,45.9934026785714,-59.0278394642856
"1062","WHITE_MSRPWS_41","2021_025",8,2023-07-09 09:13:51,2023-07-09 09:24:05,45.9981928,-59.017304
"1063","WHITE_MSRPWS_41","2021_026",3,2023-07-09 09:33:01,2023-07-09 09:37:26,46.0032672916667,-59.0062927083333
"1064","WHITE_MSRPWS_41","2021_034",5,2023-07-09 15:27:41,2023-07-09 15:36:29,46.0427126530612,-58.9175971428571
"1065","WHITE_MSRPWS_41","2021_035",4,2023-07-09 15:40:06,2023-07-09 15:44:07,46.0477045454545,-58.9062140909091
"1066","WHITE_MSRPWS_43","2021_017",3,2022-10-31 17:32:28,2022-10-31 17:36:28,45.9882261157024,-59.118367107438
"1067","WHITE_MSRPWS_43","2021_018",3,2022-10-31 17:33:01,2022-10-31 17:35:44,45.9885546086957,-59.1056129565219
"1068","WHITE_MSRPWS_43","2021_019",1,2022-10-31 17:39:05,2022-10-31 17:39:05,45.9883137113401,-59.0919263917525
"1069","WHITE_MSRPWS_43","2021_035",4,2022-10-31 21:48:36,2022-10-31 21:52:44,46.0477045454545,-58.9062140909091
"1070","WHITE_MSRPWS_43","2021_036",5,2022-10-31 21:57:42,2022-10-31 22:05:29,46.0528509090909,-58.895013409091
"1071","WHITE_MSRPWS_43","2021_037",6,2022-10-31 22:04:13,2022-10-31 22:11:58,46.05779984375,-58.8839246875001
"1072","WHITE_MSRPWS_43","2021_038",6,2022-10-31 22:16:41,2022-10-31 22:26:09,46.0626299999999,-58.8728099999999
"1073","WHITE_MSRPWS_43","2021_039",7,2022-10-31 22:28:55,2022-10-31 22:39:33,46.06739875,-58.8619451923075
"1074","WHITE_MSRPWS_43","2021_040",7,2022-10-31 22:41:45,2022-10-31 23:00:42,46.07244359375,-58.8508815625
"1075","WHITE_MSRPWS_43","2021_041",7,2022-10-31 23:03:54,2022-10-31 23:12:31,46.0770484444445,-58.8401684444444
"1076","WHITE_MSRPWS_43","2021_043",8,2022-10-31 23:24:55,2022-10-31 23:36:32,46.0870213114754,-58.8179034426229
"1077","WHITE_MSRPWS_43","2021_044",5,2022-10-31 23:29:13,2022-10-31 23:39:41,46.0916781081081,-58.8069345945946
"1078","WHITE_MSRPWS_45","2021_009",1,2023-09-28 14:42:18,2023-09-28 14:42:18,45.988321038961,-59.2250048051948
"1079","WHITE_MSRPWS_45","2021_010",4,2023-09-28 14:50:47,2023-09-28 14:57:18,45.9880955102041,-59.2125887755102
"1080","WHITE_MSRPWS_45","2021_013",3,2023-08-02 15:42:25,2023-08-02 15:46:59,45.9878044,-59.1707873000001
"1081","WHITE_MSRPWS_45","2021_014",9,2023-08-02 15:25:02,2023-08-02 15:40:56,45.9884536708861,-59.1584307594937
"1082","WHITE_MSRPWS_47","2021_003",4,2022-06-15 02:03:39,2022-06-15 02:08:06,45.9880766917293,-59.3075851127818
"1083","WHITE_MSRPWS_5","2021_022",13,2022-11-08 06:49:19,2024-07-15 01:59:31,45.9881643023255,-59.0521934883721
"1084","WHITE_MSRPWS_5","2021_023",9,2024-07-15 02:00:58,2024-07-15 02:14:56,45.9881801408451,-59.0387242253522
"1085","WHITE_MSRPWS_5","2021_024",7,2024-07-15 02:16:33,2024-07-15 02:25:19,45.9934026785714,-59.0278394642856
"1086","WHITE_MSRPWS_5","2021_025",1,2024-07-15 02:33:40,2024-07-15 02:33:40,45.9981928,-59.017304
"1087","WHITE_MSRPWS_5","2021_029",7,2024-07-15 04:09:41,2024-07-15 04:18:52,46.0181196363636,-58.9729683636364
"1088","WHITE_MSRPWS_5","2021_030",10,2024-07-15 04:21:53,2024-07-15 04:41:12,46.022955,-58.961485
"1089","WHITE_MSRPWS_5","2021_043",8,2024-07-15 08:29:31,2024-07-15 08:37:48,46.0870213114754,-58.8179034426229
"1090","WHITE_MSRPWS_5","2021_044",6,2024-07-15 08:47:36,2024-07-15 08:56:12,46.0916781081081,-58.8069345945946
"1091","WHITE_MSRPWS_5","2021_045",8,2024-07-15 08:57:34,2024-07-15 09:12:12,46.0967629268293,-58.7963431707316
"1092","WHITE_MSRPWS_5","2021_046",4,2024-07-15 09:10:37,2024-07-15 09:17:00,46.1016862711861,-58.7853925423731
"1093","WHITE_MSRPWS_6","2021_008",5,2024-07-27 12:33:51,2024-07-27 12:38:56,45.9879725,-59.2401475
"1094","WHITE_MSRPWS_6","2021_021",4,2023-08-16 11:09:20,2023-08-16 11:16:25,45.988069382716,-59.0642393827161
"1095","WHITE_MSRPWS_7","2021_001",8,2023-09-27 13:04:50,2023-09-27 13:14:12,45.9879952136752,-59.3334999999999
"1096","WHITE_MSRPWS_7","2021_003",5,2023-09-27 13:33:03,2023-09-27 13:38:20,45.9880766917293,-59.3075851127818
"1097","WHITE_MSRPWS_7","2021_004",4,2023-09-27 13:48:09,2023-09-27 13:53:39,45.9877550306749,-59.2940050306747
"1098","WHITE_MSRPWS_7","2021_013",3,2023-09-21 06:03:26,2023-09-21 06:06:35,45.9878044,-59.1707873000001
"1099","WHITE_MSRPWS_7","N23",5,2020-08-08 04:38:04,2020-08-08 04:43:38,46.1616778076923,-59.2711725769233
"1100","WHITE_MSRPWS_7","S16",2,2020-08-08 00:41:54,2020-08-08 00:43:14,46.0218315856105,-59.072737135245
"1101","WHITE_MSRPWS_7","S17",5,2020-08-08 00:31:22,2020-08-08 00:36:58,46.0217340175442,-59.0594905614035
"1102","WHITE_MSRPWS_7","S18",4,2020-08-08 00:23:06,2020-08-08 00:27:07,46.0216584769538,-59.0470035270543
"1103","WHITE_MSRPWS_8","2021_013",4,2024-07-07 01:26:04,2024-07-07 01:33:13,45.9878044,-59.1707873000001
"1104","WHITE_MSRPWS_8","2021_019",3,2021-11-16 14:47:33,2021-11-16 14:54:20,45.9883137113401,-59.0919263917525
"1105","WHITE_MSRPWS_9","2021_003",7,2024-07-22 23:11:39,2024-07-22 23:19:49,45.9880766917293,-59.3075851127818
"1106","WHITE_NY_1","2021_016",4,2021-10-31 22:28:53,2021-10-31 22:34:11,45.9881743859649,-59.1315752631579
"1107","WHITE_NY_12","2021_001",2,2023-07-17 02:03:06,2023-07-17 02:05:06,45.9879952136752,-59.3334999999999
"1108","WHITE_NY_12","2021_035",7,2023-07-17 08:30:28,2023-07-17 08:42:11,46.0477045454545,-58.9062140909091
"1109","WHITE_NY_14","2021_039",6,2021-09-26 10:13:45,2021-09-26 10:21:24,46.06739875,-58.8619451923075
"1110","WHITE_NY_14","N12",6,2020-08-13 08:16:31,2020-08-13 08:25:26,46.2195009459459,-59.0942891216215
"1111","WHITE_NY_14","N13",1,2020-08-13 08:46:31,2020-08-13 08:46:31,46.2002134575569,-59.1536598757767
"1112","WHITE_NY_3","2021_003",1,2023-07-20 15:33:35,2023-07-20 15:33:35,45.9880766917293,-59.3075851127818
"1113","WHITE_NY_3","2021_013",1,2023-07-20 13:15:49,2023-07-20 13:15:49,45.9878044,-59.1707873000001
"1114","WHITE_NY_3","2021_017",1,2023-07-20 10:42:09,2023-07-20 10:42:09,45.9882261157024,-59.118367107438
"1115","WHITE_NY_3","2021_018",1,2023-07-20 10:32:47,2023-07-20 10:32:47,45.9885546086957,-59.1056129565219
"1116","WHITE_NY_9","2021_001",6,2024-07-19 21:23:18,2024-07-19 21:31:16,45.9879952136752,-59.3334999999999
"1117","WHITE_NY_9","2021_026",3,2021-11-02 17:05:00,2021-11-02 17:11:50,46.0032672916667,-59.0062927083333
"1118","WHITE_SBUSOMAS01_1","2021_006",3,2023-10-24 06:00:33,2023-10-24 06:04:57,45.9879033333334,-59.2665762499999
"1119","WHITE_V2LWSAMP_1","N13",1,2019-09-30 12:08:43,2019-09-30 12:08:43,46.2002134575569,-59.1536598757767
"1120","WHITE_V2LWSAMP_1","N23",4,2019-09-30 12:01:46,2019-09-30 12:07:27,46.1616778076923,-59.2711725769233
"1121","WHITE_VMLPPWS_1","2021_027",4,2023-04-07 01:05:50,2023-04-07 01:11:36,46.0083632926829,-58.9948780487805
